datum,pomucka,CZ010,CZ020,CZ031,CZ032,CZ041,CZ042,CZ051,CZ052,CZ053,CZ063,CZ064,CZ071,CZ072,CZ080,Hlavní město Praha,Jihomoravský kraj,Jihočeský kraj,Karlovarský kraj,Kraj Vysočina,Královéhradecký kraj,Liberecký kraj,Moravskoslezský kraj,Olomoucký kraj,Pardubický kraj,Plzeňský kraj,Středočeský kraj,Zlínský kraj,Ústecký kraj
2020-03-31,Brýle,0,0,0,0,0,0,0,0,0,0,0,0,0,0,4131,1840,916,60,350,990,290,1992,1635,900,904,380,660,820
2020-03-31,Dezinfekce (l),0,0,0,0,0,0,0,0,0,0,0,0,0,0,8085,7240,1155,1155,970,870,980,2615,2555,615,5185,625,730,1715
2020-03-31,Filtry k polomaskám,0,0,0,0,0,0,0,0,0,0,0,0,0,0,0,0,0,0,0,0,0,0,0,0,0,0,0,0
2020-03-31,Návleky na obuv,0,0,0,0,0,0,0,0,0,0,0,0,0,0,2530,337,270,1000,9100,0,350,1232,550,150,3200,50,100,0
2020-03-31,Ochranné oděvy,0,0,0,0,0,0,0,0,0,0,0,0,0,0,36227,9351,3252,1364,1734,899,1118,8974,5088,4586,6529,3137,2429,2420
2020-03-31,Odběrové sady,0,0,0,0,0,0,0,0,0,0,0,0,0,0,13150,3700,1000,0,1000,2000,1300,1800,2000,1000,3100,300,1500,2100
2020-03-31,Ostatní,0,0,0,0,0,0,0,0,0,0,0,0,0,0,0,0,0,0,0,0,0,0,0,0,0,0,0,0
2020-03-31,Plicní ventilátory,0,0,0,0,0,0,0,0,0,0,0,0,0,0,0,0,0,0,0,0,0,0,0,0,0,0,0,0
2020-03-31,Polomasky,0,0,0,0,0,0,0,0,0,0,0,0,0,0,0,0,0,0,0,0,0,0,0,0,0,0,0,0
2020-03-31,Příslušenství k plicním ventilátorům,0,0,0,0,0,0,0,0,0,0,0,0,0,0,0,0,0,0,0,0,0,0,0,0,0,0,0,0
2020-03-31,Respirátory,0,0,0,0,0,0,0,0,0,0,0,0,0,0,755785,82275,31690,13811,21045,32320,30200,37095,46430,18345,42055,13280,30680,35735
2020-03-31,Roušky,0,0,0,0,0,0,0,0,0,0,0,0,0,0,2043263,457367,115492,39249,80256,227717,108990,230709,234623,80944,257099,34155,87787,95005
2020-03-31,Rukavice,0,0,0,0,0,0,0,0,0,0,0,0,0,0,218200,19150,11850,11600,20000,7500,11050,54600,34800,14200,10300,25250,24450,24900
2020-03-31,Rychlotesty,0,0,0,0,0,0,0,0,0,0,0,0,0,0,19000,3000,3000,3000,3000,3000,3000,6000,29000,3000,3000,12000,2000,3000
2020-03-31,Tampóny,0,0,0,0,0,0,0,0,0,0,0,0,0,0,3800,300,300,2300,600,300,300,2300,600,300,300,200,300,400
2020-03-31,Teploměry,0,0,0,0,0,0,0,0,0,0,0,0,0,0,0,0,0,0,0,0,0,0,0,0,0,0,0,0
2020-03-31,Termokamery,0,0,0,0,0,0,0,0,0,0,0,0,0,0,0,0,0,0,0,0,0,0,0,0,0,0,0,0
2020-03-31,Štíty,0,0,0,0,0,0,0,0,0,0,0,0,0,0,2292,1774,486,60,90,335,75,89,985,570,232,57,410,1040
2020-04-01,Brýle,0,0,0,0,0,0,0,0,0,0,0,0,0,0,4241,1840,916,60,350,990,290,1992,1635,900,904,380,660,820
2020-04-01,Dezinfekce (l),0,0,0,0,0,0,0,0,0,0,0,0,0,0,8235,7240,1225,1185,1015,925,1020,2725,2625,720,5315,705,730,1770
2020-04-01,Filtry k polomaskám,0,0,0,0,0,0,0,0,0,0,0,0,0,0,0,0,0,0,0,0,0,0,0,0,0,0,0,0
2020-04-01,Návleky na obuv,0,0,0,0,0,0,0,0,0,0,0,0,0,0,2530,337,270,1000,9100,0,350,1232,550,150,3200,50,100,0
2020-04-01,Ochranné oděvy,0,0,0,0,0,0,0,0,0,0,0,0,0,0,39933,9351,3252,1364,1734,899,1118,8974,5088,4586,6529,3137,2429,2420
2020-04-01,Odběrové sady,0,0,0,0,0,0,0,0,0,0,0,0,0,0,13150,3700,1000,0,1000,2000,1300,1800,2000,1000,3100,300,1500,2100
2020-04-01,Ostatní,0,0,0,0,0,0,0,0,0,0,0,0,0,0,0,0,0,0,0,0,0,0,0,0,0,0,0,0
2020-04-01,Plicní ventilátory,0,0,0,0,0,0,0,0,0,0,0,0,0,0,0,0,0,0,0,0,0,0,0,0,0,0,0,0
2020-04-01,Polomasky,0,0,0,0,0,0,0,0,0,0,0,0,0,0,0,0,0,0,0,0,0,0,0,0,0,0,0,0
2020-04-01,Příslušenství k plicním ventilátorům,0,0,0,0,0,0,0,0,0,0,0,0,0,0,0,0,0,0,0,0,0,0,0,0,0,0,0,0
2020-04-01,Respirátory,0,0,0,0,0,0,0,0,0,0,0,0,0,0,923623,82275,31830,13871,24345,32440,30280,37355,46570,18465,42175,13520,30800,35995
2020-04-01,Roušky,0,0,0,0,0,0,0,0,0,0,0,0,0,0,2058603,457367,117792,40449,82156,229767,110640,235259,237173,82794,259249,39255,89937,97855
2020-04-01,Rukavice,0,0,0,0,0,0,0,0,0,0,0,0,0,0,242540,19150,11990,11660,20082,7608,11130,54820,34935,14300,10410,40503,24557,25060
2020-04-01,Rychlotesty,0,0,0,0,0,0,0,0,0,0,0,0,0,0,19000,3000,3000,3000,3000,3000,3000,6000,29000,3000,3000,12000,2000,3000
2020-04-01,Tampóny,0,0,0,0,0,0,0,0,0,0,0,0,0,0,5000,300,300,2300,2600,300,300,2900,1200,300,300,200,300,400
2020-04-01,Teploměry,0,0,0,0,0,0,0,0,0,0,0,0,0,0,0,0,0,0,0,0,0,0,0,0,0,0,0,0
2020-04-01,Termokamery,0,0,0,0,0,0,0,0,0,0,0,0,0,0,0,0,0,0,0,0,0,0,0,0,0,0,0,0
2020-04-01,Štíty,0,0,0,0,0,0,0,0,0,0,0,0,0,0,3112,1774,486,60,90,335,75,89,985,570,232,57,410,1040
2020-04-03,Brýle,0,0,0,0,0,0,0,0,0,0,0,0,0,0,4466,1945,916,60,350,990,290,1992,1635,960,924,380,660,820
2020-04-03,Dezinfekce (l),0,0,0,0,0,0,0,0,0,0,0,0,0,0,8235,7360,1225,1185,1015,925,1020,2725,2625,665,5240,755,785,1795
2020-04-03,Filtry k polomaskám,0,0,0,0,0,0,0,0,0,0,0,0,0,0,1600,500,0,0,0,400,0,300,200,0,300,0,0,0
2020-04-03,Návleky na obuv,0,0,0,0,0,0,0,0,0,0,0,0,0,0,2530,337,270,1000,9100,0,350,1232,550,150,3200,50,100,0
2020-04-03,Ochranné oděvy,0,0,0,0,0,0,0,0,0,0,0,0,0,0,59293,13931,3962,1464,2429,4999,1418,9234,6738,4586,6889,3202,3229,2520
2020-04-03,Odběrové sady,0,0,0,0,0,0,0,0,0,0,0,0,0,0,19600,8700,1300,0,1000,2000,1300,4750,2000,1000,3100,300,1800,2100
2020-04-03,Ostatní,0,0,0,0,0,0,0,0,0,0,0,0,0,0,0,0,0,0,0,0,0,0,0,0,0,0,0,0
2020-04-03,Plicní ventilátory,0,0,0,0,0,0,0,0,0,0,0,0,0,0,0,0,0,0,0,0,0,0,0,0,0,0,0,0
2020-04-03,Polomasky,0,0,0,0,0,0,0,0,0,0,0,0,0,0,800,250,0,0,0,200,0,150,100,0,150,0,0,0
2020-04-03,Příslušenství k plicním ventilátorům,0,0,0,0,0,0,0,0,0,0,0,0,0,0,0,0,0,0,0,0,0,0,0,0,0,0,0,0
2020-04-03,Respirátory,0,0,0,0,0,0,0,0,0,0,0,0,0,0,1101593,149495,46620,20811,35665,64090,39880,77325,80100,33095,75715,34060,44520,52185
2020-04-03,Roušky,0,0,0,0,0,0,0,0,0,0,0,0,0,0,3228703,1049367,237992,101149,182756,484417,197790,587709,496223,180644,545599,291555,202087,241505
2020-04-03,Rukavice,0,0,0,0,0,0,0,0,0,0,0,0,0,0,306300,52150,26350,18200,30200,18300,22350,101900,58900,30650,52100,67550,55350,40900
2020-04-03,Rychlotesty,0,0,0,0,0,0,0,0,0,0,0,0,0,0,19000,3000,3000,6000,3000,3000,3000,6000,29000,3000,3000,12000,2000,3000
2020-04-03,Tampóny,0,0,0,0,0,0,0,0,0,0,0,0,0,0,5000,300,300,2300,2600,300,300,2900,1200,300,300,200,300,400
2020-04-03,Teploměry,0,0,0,0,0,0,0,0,0,0,0,0,0,0,0,0,0,0,0,0,0,0,0,0,0,0,0,0
2020-04-03,Termokamery,0,0,0,0,0,0,0,0,0,0,0,0,0,0,0,0,0,0,0,0,0,0,0,0,0,0,0,0
2020-04-03,Štíty,0,0,0,0,0,0,0,0,0,0,0,0,0,0,3727,2524,586,60,90,335,225,889,1235,1080,332,57,410,1040
2020-04-04,Brýle,0,0,0,0,0,0,0,0,0,0,0,0,0,0,4466,1945,916,60,350,990,290,1992,1635,960,924,380,660,820
2020-04-04,Dezinfekce (l),0,0,0,0,0,0,0,0,0,0,0,0,0,0,8235,7360,1225,1185,1015,925,1020,2725,2625,665,5240,755,785,1795
2020-04-04,Filtry k polomaskám,0,0,0,0,0,0,0,0,0,0,0,0,0,0,1600,500,0,0,0,400,0,300,200,0,300,0,0,0
2020-04-04,Návleky na obuv,0,0,0,0,0,0,0,0,0,0,0,0,0,0,2530,337,270,1000,9100,0,350,1232,550,150,3200,50,100,0
2020-04-04,Ochranné oděvy,0,0,0,0,0,0,0,0,0,0,0,0,0,0,59293,13931,3962,1464,2429,4999,1418,9234,6738,4586,6889,3202,3229,2520
2020-04-04,Odběrové sady,0,0,0,0,0,0,0,0,0,0,0,0,0,0,19600,8700,1300,0,1000,2000,1300,4750,2000,1000,3100,300,1800,2100
2020-04-04,Ostatní,0,0,0,0,0,0,0,0,0,0,0,0,0,0,0,0,0,0,0,0,0,0,0,0,0,0,0,0
2020-04-04,Plicní ventilátory,0,0,0,0,0,0,0,0,0,0,0,0,0,0,0,0,0,0,0,0,0,0,0,0,0,0,0,0
2020-04-04,Polomasky,0,0,0,0,0,0,0,0,0,0,0,0,0,0,800,250,0,0,0,200,0,150,100,0,150,0,0,0
2020-04-04,Příslušenství k plicním ventilátorům,0,0,0,0,0,0,0,0,0,0,0,0,0,0,0,0,0,0,0,0,0,0,0,0,0,0,0,0
2020-04-04,Respirátory,0,0,0,0,0,0,0,0,0,0,0,0,0,0,1101593,149495,46620,20811,35665,64090,39880,77325,80100,33095,75715,34060,44520,52185
2020-04-04,Roušky,0,0,0,0,0,0,0,0,0,0,0,0,0,0,3228703,1049367,237992,101149,182756,484417,197790,587709,496223,180644,545599,291555,202087,241505
2020-04-04,Rukavice,0,0,0,0,0,0,0,0,0,0,0,0,0,0,306300,52150,26350,18200,30200,18300,22350,101900,58900,30650,52100,67550,55350,40900
2020-04-04,Rychlotesty,0,0,0,0,0,0,0,0,0,0,0,0,0,0,19000,3000,3000,6000,3000,3000,3000,6000,29000,3000,3000,12000,2000,3000
2020-04-04,Tampóny,0,0,0,0,0,0,0,0,0,0,0,0,0,0,5000,300,300,2300,2600,300,300,2900,1200,300,300,200,300,400
2020-04-04,Teploměry,0,0,0,0,0,0,0,0,0,0,0,0,0,0,0,0,0,0,0,0,0,0,0,0,0,0,0,0
2020-04-04,Termokamery,0,0,0,0,0,0,0,0,0,0,0,0,0,0,0,0,0,0,0,0,0,0,0,0,0,0,0,0
2020-04-04,Štíty,0,0,0,0,0,0,0,0,0,0,0,0,0,0,3727,2524,586,60,90,335,225,889,1235,1080,332,57,410,1040
2020-04-06,Brýle,0,0,0,0,0,0,0,0,0,0,0,0,0,0,4466,1945,916,60,350,990,290,1992,1635,960,924,380,660,820
2020-04-06,Dezinfekce (l),0,0,0,0,0,0,0,0,0,0,0,0,0,0,8235,7360,1225,1185,1015,925,1020,2725,2625,665,5240,755,785,1795
2020-04-06,Filtry k polomaskám,0,0,0,0,0,0,0,0,0,0,0,0,0,0,1600,500,0,0,0,400,0,300,200,0,300,0,0,0
2020-04-06,Návleky na obuv,0,0,0,0,0,0,0,0,0,0,0,0,0,0,2530,337,270,1000,9300,0,350,1232,550,150,18200,50,100,0
2020-04-06,Ochranné oděvy,0,0,0,0,0,0,0,0,0,0,0,0,0,0,59493,17931,3962,1464,2629,4999,1418,9234,6738,4586,16939,3202,3229,2520
2020-04-06,Odběrové sady,0,0,0,0,0,0,0,0,0,0,0,0,0,0,19600,23700,1300,0,1000,2000,6300,9750,7000,1000,3100,300,1800,2100
2020-04-06,Ostatní,0,0,0,0,0,0,0,0,0,0,0,0,0,0,0,0,0,0,0,0,0,0,0,0,0,0,0,0
2020-04-06,Plicní ventilátory,0,0,0,0,0,0,0,0,0,0,0,0,0,0,0,0,0,0,0,0,0,0,0,0,0,0,0,0
2020-04-06,Polomasky,0,0,0,0,0,0,0,0,0,0,0,0,0,0,800,250,0,0,0,200,0,150,100,0,150,0,0,0
2020-04-06,Příslušenství k plicním ventilátorům,0,0,0,0,0,0,0,0,0,0,0,0,0,0,0,0,0,0,0,0,0,0,0,0,0,0,0,0
2020-04-06,Respirátory,0,0,0,0,0,0,0,0,0,0,0,0,0,0,1101093,152415,46620,20811,35845,64090,39880,77325,80100,33095,87125,34060,44520,52185
2020-04-06,Roušky,0,0,0,0,0,0,0,0,0,0,0,0,0,0,3236203,1059367,237992,101149,182756,484417,197790,587709,496223,180644,640999,291555,202087,241505
2020-04-06,Rukavice,0,0,0,0,0,0,0,0,0,0,0,0,0,0,306300,75150,26350,18200,30600,18300,22350,101900,58900,30650,73200,67550,55350,40900
2020-04-06,Rychlotesty,0,0,0,0,0,0,0,0,0,0,0,0,0,0,19350,3000,3000,6000,3000,3000,3000,6000,29000,3000,3000,12000,2000,3000
2020-04-06,Tampóny,0,0,0,0,0,0,0,0,0,0,0,0,0,0,5000,300,300,2300,2600,300,300,2900,1200,300,300,200,300,400
2020-04-06,Teploměry,0,0,0,0,0,0,0,0,0,0,0,0,0,0,0,0,0,0,0,0,0,0,0,0,0,0,0,0
2020-04-06,Termokamery,0,0,0,0,0,0,0,0,0,0,0,0,0,0,0,0,0,0,0,0,0,0,0,0,0,0,0,0
2020-04-06,Štíty,0,0,0,0,0,0,0,0,0,0,0,0,0,0,3827,2524,586,60,90,335,225,889,1235,1080,432,57,410,1040
2020-04-07,Brýle,0,0,0,0,0,0,0,0,0,0,0,0,0,0,4466,1945,922,60,350,990,290,1992,1635,980,924,380,660,820
2020-04-07,Dezinfekce (l),0,0,0,0,0,0,0,0,0,0,0,0,0,0,8235,7360,1225,1190,1015,2325,1020,2725,2625,665,5240,755,825,1815
2020-04-07,Filtry k polomaskám,0,0,0,0,0,0,0,0,0,0,0,0,0,0,1600,500,0,0,0,400,0,300,200,0,300,0,0,0
2020-04-07,Návleky na obuv,0,0,0,0,0,0,0,0,0,0,0,0,0,0,2530,337,270,1000,9300,0,1050,1232,2050,1250,18200,50,100,0
2020-04-07,Ochranné oděvy,0,0,0,0,0,0,0,0,0,0,0,0,0,0,59493,17931,4082,1564,2629,14999,2318,9234,9738,4586,16939,3202,3229,3920
2020-04-07,Odběrové sady,0,0,0,0,0,0,0,0,0,0,0,0,0,0,19600,23700,1300,0,1000,2000,8300,9750,9000,1000,3100,300,1800,2100
2020-04-07,Ostatní,0,0,0,0,0,0,0,0,0,0,0,0,0,0,0,0,0,0,0,0,0,0,0,0,0,0,0,0
2020-04-07,Plicní ventilátory,0,0,0,0,0,0,0,0,0,0,0,0,0,0,0,0,0,0,0,0,0,0,0,0,0,0,0,0
2020-04-07,Polomasky,0,0,0,0,0,0,0,0,0,0,0,0,0,0,800,250,0,0,0,200,0,150,100,0,150,0,0,0
2020-04-07,Příslušenství k plicním ventilátorům,0,0,0,0,0,0,0,0,0,0,0,0,0,0,0,0,0,0,0,0,0,0,0,0,0,0,0,0
2020-04-07,Respirátory,0,0,0,0,0,0,0,0,0,0,0,0,0,0,1267493,152415,51670,24351,35845,79190,43210,77325,92830,39755,87845,34060,49430,58895
2020-04-07,Roušky,0,0,0,0,0,0,0,0,0,0,0,0,0,0,3420203,1059367,243992,104149,182756,565417,203790,587709,565223,186944,641599,291555,208087,247505
2020-04-07,Rukavice,0,0,0,0,0,0,0,0,0,0,0,0,0,0,670300,75150,27250,19200,30600,125300,28950,101900,78900,35250,73200,67550,55350,55900
2020-04-07,Rychlotesty,0,0,0,0,0,0,0,0,0,0,0,0,0,0,19350,3000,3000,6000,3000,3000,3000,6000,29000,3000,3000,12000,2000,3000
2020-04-07,Tampóny,0,0,0,0,0,0,0,0,0,0,0,0,0,0,5000,300,300,2300,2600,300,300,2900,1200,300,300,200,300,400
2020-04-07,Teploměry,0,0,0,0,0,0,0,0,0,0,0,0,0,0,0,0,0,0,0,0,0,0,0,0,0,0,0,0
2020-04-07,Termokamery,0,0,0,0,0,0,0,0,0,0,0,0,0,0,0,0,0,0,0,0,0,0,0,0,0,0,0,0
2020-04-07,Štíty,0,0,0,0,0,0,0,0,0,0,0,0,0,0,3827,2524,586,60,90,335,225,889,1235,1180,432,57,410,1040
2020-04-08,Brýle,0,0,0,0,0,0,0,0,0,0,0,0,0,0,4466,1945,922,60,355,990,290,2012,1635,980,924,380,660,820
2020-04-08,Dezinfekce (l),0,0,0,0,0,0,0,0,0,0,0,0,0,0,8235,7360,1225,1190,1015,2325,1020,2775,2625,665,5240,755,825,1815
2020-04-08,Filtry k polomaskám,0,0,0,0,0,0,0,0,0,0,0,0,0,0,1600,500,0,0,0,400,0,300,200,0,300,0,0,0
2020-04-08,Návleky na obuv,0,0,0,0,0,0,0,0,0,0,0,0,0,0,2530,367,270,1000,9300,0,1050,1232,2050,1250,18200,50,100,0
2020-04-08,Ochranné oděvy,0,0,0,0,0,0,0,0,0,0,0,0,0,0,59493,27036,4082,1564,3339,14999,2318,10524,9738,4586,16939,3202,3229,3920
2020-04-08,Odběrové sady,0,0,0,0,0,0,0,0,0,0,0,0,0,0,19600,25700,1300,0,1000,2000,8300,11750,9000,1000,3100,300,1800,2100
2020-04-08,Ostatní,0,0,0,0,0,0,0,0,0,0,0,0,0,0,0,0,0,0,0,0,0,0,0,0,0,0,0,0
2020-04-08,Plicní ventilátory,0,0,0,0,0,0,0,0,0,0,0,0,0,0,0,0,0,0,0,0,0,0,0,0,0,0,0,0
2020-04-08,Polomasky,0,0,0,0,0,0,0,0,0,0,0,0,0,0,800,250,0,0,0,200,0,150,100,0,150,0,0,0
2020-04-08,Příslušenství k plicním ventilátorům,0,0,0,0,0,0,0,0,0,0,0,0,0,0,0,0,0,0,0,0,0,0,0,0,0,0,0,0
2020-04-08,Respirátory,0,0,0,0,0,0,0,0,0,0,0,0,0,0,1267693,184365,51670,24351,38855,79190,43210,95705,92830,39755,87845,34060,49430,58895
2020-04-08,Roušky,0,0,0,0,0,0,0,0,0,0,0,0,0,0,3420203,1263367,243992,104149,188756,565417,203790,656709,565223,186944,641599,291555,208087,247505
2020-04-08,Rukavice,0,0,0,0,0,0,0,0,0,0,0,0,0,0,670300,76300,27250,19200,36700,125300,28950,103100,78900,35250,73200,67550,55350,55900
2020-04-08,Rychlotesty,0,0,0,0,0,0,0,0,0,0,0,0,0,0,19550,3000,3000,6000,3000,3000,3000,6000,29000,3000,3000,12000,2000,3000
2020-04-08,Tampóny,0,0,0,0,0,0,0,0,0,0,0,0,0,0,5000,300,300,2300,2600,300,300,2900,1200,300,300,200,300,400
2020-04-08,Teploměry,0,0,0,0,0,0,0,0,0,0,0,0,0,0,0,0,0,0,0,0,0,0,0,0,0,0,0,0
2020-04-08,Termokamery,0,0,0,0,0,0,0,0,0,0,0,0,0,0,0,0,0,0,0,0,0,0,0,0,0,0,0,0
2020-04-08,Štíty,0,0,0,0,0,0,0,0,0,0,0,0,0,0,3827,2544,586,60,95,335,225,893,1235,1180,432,57,410,1040
2020-04-09,Brýle,0,0,0,0,0,0,0,0,0,0,0,0,0,0,4466,1945,922,60,355,990,290,2012,1635,980,924,380,660,820
2020-04-09,Dezinfekce (l),0,0,0,0,0,0,0,0,0,0,0,0,0,0,8415,7360,1225,1190,1015,2325,1020,2775,2625,665,5240,755,825,1815
2020-04-09,Filtry k polomaskám,0,0,0,0,0,0,0,0,0,0,0,0,0,0,1600,500,0,0,0,400,0,300,200,0,300,0,0,0
2020-04-09,Návleky na obuv,0,0,0,0,0,0,0,0,0,0,0,0,0,0,4530,367,270,1000,9300,0,1050,1232,2050,1250,18200,50,100,0
2020-04-09,Ochranné oděvy,0,0,0,0,0,0,0,0,0,0,0,0,0,0,69807,27036,4082,1564,3339,14999,2318,10524,9738,4586,16939,4247,3229,3920
2020-04-09,Odběrové sady,0,0,0,0,0,0,0,0,0,0,0,0,0,0,21600,25700,1300,0,1000,2000,8300,11750,9000,1000,3100,300,1800,2100
2020-04-09,Ostatní,0,0,0,0,0,0,0,0,0,0,0,0,0,0,0,0,0,0,0,0,0,0,0,0,0,0,0,0
2020-04-09,Plicní ventilátory,0,0,0,0,0,0,0,0,0,0,0,0,0,0,0,0,0,0,0,0,0,0,0,0,0,0,0,0
2020-04-09,Polomasky,0,0,0,0,0,0,0,0,0,0,0,0,0,0,800,250,0,0,0,200,0,150,100,0,150,0,0,0
2020-04-09,Příslušenství k plicním ventilátorům,0,0,0,0,0,0,0,0,0,0,0,0,0,0,0,0,0,0,0,0,0,0,0,0,0,0,0,0
2020-04-09,Respirátory,0,0,0,0,0,0,0,0,0,0,0,0,0,0,1381763,206765,62870,30751,48455,90390,51210,119705,105630,49355,99045,60660,59030,73305
2020-04-09,Roušky,0,0,0,0,0,0,0,0,0,0,0,0,0,0,3957103,1308367,266492,116649,206256,587917,218790,704209,590223,206944,664099,336655,228087,277505
2020-04-09,Rukavice,0,0,0,0,0,0,0,0,0,0,0,0,0,0,844300,175300,80250,42200,75700,171300,62950,200100,132900,74250,118200,137550,102350,115900
2020-04-09,Rychlotesty,0,0,0,0,0,0,0,0,0,0,0,0,0,0,19550,3000,3000,6000,3000,3000,3000,6000,29000,3000,3000,12000,2000,3000
2020-04-09,Tampóny,0,0,0,0,0,0,0,0,0,0,0,0,0,0,5000,300,300,2300,2600,300,300,2900,1200,300,300,200,300,400
2020-04-09,Teploměry,0,0,0,0,0,0,0,0,0,0,0,0,0,0,0,0,0,0,0,0,0,0,0,0,0,0,0,0
2020-04-09,Termokamery,0,0,0,0,0,0,0,0,0,0,0,0,0,0,0,0,0,0,0,0,0,0,0,0,0,0,0,0
2020-04-09,Štíty,0,0,0,0,0,0,0,0,0,0,0,0,0,0,4133,2544,586,60,95,335,225,893,1235,1180,432,57,410,1040
2020-04-10,Brýle,0,0,0,0,0,0,0,0,0,0,0,0,0,0,4568,1945,922,60,355,990,290,2012,1635,980,924,380,660,820
2020-04-10,Dezinfekce (l),0,0,0,0,0,0,0,0,0,0,0,0,0,0,8634,7360,1225,1190,1015,2325,1020,2775,2625,665,5240,810,825,1815
2020-04-10,Filtry k polomaskám,0,0,0,0,0,0,0,0,0,0,0,0,0,0,1602,500,0,0,0,400,0,300,200,0,300,0,0,0
2020-04-10,Návleky na obuv,0,0,0,0,0,0,0,0,0,0,0,0,0,0,4530,367,270,1000,9300,0,1050,1232,2050,1250,18200,50,100,0
2020-04-10,Ochranné oděvy,0,0,0,0,0,0,0,0,0,0,0,0,0,0,71113,27036,4082,1564,3339,14999,2318,10524,9738,4586,16939,4367,3229,3920
2020-04-10,Odběrové sady,0,0,0,0,0,0,0,0,0,0,0,0,0,0,22121,25700,1300,0,1000,2000,8300,11750,9000,1000,3100,300,1800,2100
2020-04-10,Ostatní,0,0,0,0,0,0,0,0,0,0,0,0,0,0,0,0,0,0,0,0,0,0,0,0,0,0,0,0
2020-04-10,Plicní ventilátory,0,0,0,0,0,0,0,0,0,0,0,0,0,0,0,0,0,0,0,0,0,0,0,0,0,0,0,0
2020-04-10,Polomasky,0,0,0,0,0,0,0,0,0,0,0,0,0,0,801,250,0,0,0,200,0,150,100,0,150,0,0,0
2020-04-10,Příslušenství k plicním ventilátorům,0,0,0,0,0,0,0,0,0,0,0,0,0,0,0,0,0,0,0,0,0,0,0,0,0,0,0,0
2020-04-10,Respirátory,0,0,0,0,0,0,0,0,0,0,0,0,0,0,1402722,206765,62870,30751,48455,90390,51210,119705,105630,49355,99045,60920,59030,73305
2020-04-10,Roušky,0,0,0,0,0,0,0,0,0,0,0,0,0,0,4222510,1531407,387083,172030,301896,691397,301863,930185,709003,304658,773899,601811,337558,431647
2020-04-10,Rukavice,0,0,0,0,0,0,0,0,0,0,0,0,0,0,853300,175300,80250,42200,75700,171300,62950,200100,132900,74250,118200,137550,102350,115900
2020-04-10,Rychlotesty,0,0,0,0,0,0,0,0,0,0,0,0,0,0,19695,3000,3000,6000,3000,3000,3000,6000,29000,3000,3000,12000,2000,3000
2020-04-10,Tampóny,0,0,0,0,0,0,0,0,0,0,0,0,0,0,5000,300,300,2300,2600,300,300,2900,1200,300,300,200,300,400
2020-04-10,Teploměry,0,0,0,0,0,0,0,0,0,0,0,0,0,0,0,0,0,0,0,0,0,0,0,0,0,0,0,0
2020-04-10,Termokamery,0,0,0,0,0,0,0,0,0,0,0,0,0,0,0,0,0,0,0,0,0,0,0,0,0,0,0,0
2020-04-10,Štíty,0,0,0,0,0,0,0,0,0,0,0,0,0,0,4348,2544,586,60,95,335,225,893,1235,1180,432,57,410,1040
2020-04-13,Brýle,0,0,0,0,0,0,0,0,0,0,0,0,0,0,4568,1945,922,60,355,990,290,2012,1635,980,924,380,660,820
2020-04-13,Dezinfekce (l),0,0,0,0,0,0,0,0,0,0,0,0,0,0,8634,7360,1225,1190,1015,2325,1020,2775,2625,665,5240,810,825,1815
2020-04-13,Filtry k polomaskám,0,0,0,0,0,0,0,0,0,0,0,0,0,0,1602,500,0,0,0,400,0,300,200,0,300,0,0,0
2020-04-13,Návleky na obuv,0,0,0,0,0,0,0,0,0,0,0,0,0,0,4530,367,270,1000,9300,0,1050,1232,2050,1250,18200,50,100,0
2020-04-13,Ochranné oděvy,0,0,0,0,0,0,0,0,0,0,0,0,0,0,71113,27036,4082,1564,3339,14999,2318,10524,9738,4586,16939,4367,3229,3920
2020-04-13,Odběrové sady,0,0,0,0,0,0,0,0,0,0,0,0,0,0,22121,25700,1300,0,1000,2000,8300,11750,9000,1000,3100,300,1800,2100
2020-04-13,Ostatní,0,0,0,0,0,0,0,0,0,0,0,0,0,0,0,0,0,0,0,0,0,0,0,0,0,0,0,0
2020-04-13,Plicní ventilátory,0,0,0,0,0,0,0,0,0,0,0,0,0,0,0,0,0,0,0,0,0,0,0,0,0,0,0,0
2020-04-13,Polomasky,0,0,0,0,0,0,0,0,0,0,0,0,0,0,801,250,0,0,0,200,0,150,100,0,150,0,0,0
2020-04-13,Příslušenství k plicním ventilátorům,0,0,0,0,0,0,0,0,0,0,0,0,0,0,0,0,0,0,0,0,0,0,0,0,0,0,0,0
2020-04-13,Respirátory,0,0,0,0,0,0,0,0,0,0,0,0,0,0,1402722,206765,62870,30751,48455,90390,51210,119705,105630,49355,99045,60920,59030,73305
2020-04-13,Roušky,0,0,0,0,0,0,0,0,0,0,0,0,0,0,4222510,1531407,387083,172030,301896,691397,301863,930185,709003,304658,773899,601811,337558,431647
2020-04-13,Rukavice,0,0,0,0,0,0,0,0,0,0,0,0,0,0,853300,175300,80250,42200,75700,171300,64950,200100,132900,74250,118200,137550,102350,115900
2020-04-13,Rychlotesty,0,0,0,0,0,0,0,0,0,0,0,0,0,0,19695,3000,3000,6000,3000,3000,3000,6000,29000,3000,3000,12000,2000,3000
2020-04-13,Tampóny,0,0,0,0,0,0,0,0,0,0,0,0,0,0,5000,300,300,2300,2600,300,300,2900,1200,300,300,200,300,400
2020-04-13,Teploměry,0,0,0,0,0,0,0,0,0,0,0,0,0,0,0,0,0,0,0,0,0,0,0,0,0,0,0,0
2020-04-13,Termokamery,0,0,0,0,0,0,0,0,0,0,0,0,0,0,0,0,0,0,0,0,0,0,0,0,0,0,0,0
2020-04-13,Štíty,0,0,0,0,0,0,0,0,0,0,0,0,0,0,4348,2544,586,60,95,335,225,893,1235,1180,432,57,410,1040
2020-04-14,Brýle,0,0,0,0,0,0,0,0,0,0,0,0,0,0,4568,1945,922,60,355,990,290,2012,1635,980,924,380,660,820
2020-04-14,Dezinfekce (l),0,0,0,0,0,0,0,0,0,0,0,0,0,0,8634,7360,1225,1190,1015,2325,1020,2775,2625,665,5240,810,825,1815
2020-04-14,Filtry k polomaskám,0,0,0,0,0,0,0,0,0,0,0,0,0,0,1602,500,0,0,0,400,0,300,200,0,300,0,0,0
2020-04-14,Návleky na obuv,0,0,0,0,0,0,0,0,0,0,0,0,0,0,4530,367,270,1000,9300,0,1050,1232,2050,1250,18200,50,100,0
2020-04-14,Ochranné oděvy,0,0,0,0,0,0,0,0,0,0,0,0,0,0,71113,27036,4082,1564,3339,14999,2318,10524,9738,4586,16939,4367,3229,3920
2020-04-14,Odběrové sady,0,0,0,0,0,0,0,0,0,0,0,0,0,0,22121,25700,1300,0,1000,2000,8300,11750,9000,1000,3100,300,1800,2100
2020-04-14,Ostatní,0,0,0,0,0,0,0,0,0,0,0,0,0,0,0,0,0,0,0,0,0,0,0,0,0,0,0,0
2020-04-14,Plicní ventilátory,0,0,0,0,0,0,0,0,0,0,0,0,0,0,0,0,0,0,0,0,0,0,0,0,0,0,0,0
2020-04-14,Polomasky,0,0,0,0,0,0,0,0,0,0,0,0,0,0,801,250,0,0,0,200,0,150,100,0,150,0,0,0
2020-04-14,Příslušenství k plicním ventilátorům,0,0,0,0,0,0,0,0,0,0,0,0,0,0,0,0,0,0,0,0,0,0,0,0,0,0,0,0
2020-04-14,Respirátory,0,0,0,0,0,0,0,0,0,0,0,0,0,0,1402722,206765,62870,30751,48455,90390,51210,119705,105630,49355,99045,60920,59030,73305
2020-04-14,Roušky,0,0,0,0,0,0,0,0,0,0,0,0,0,0,4222510,1531407,387083,172030,301896,691397,301863,930185,709003,304658,773899,601811,337558,431647
2020-04-14,Rukavice,0,0,0,0,0,0,0,0,0,0,0,0,0,0,853300,175300,80250,42200,75700,171300,64950,200100,132900,74250,118200,137550,102350,115900
2020-04-14,Rychlotesty,0,0,0,0,0,0,0,0,0,0,0,0,0,0,19695,3000,3000,6000,3000,3000,3000,6000,29000,3000,3000,12000,2000,3000
2020-04-14,Tampóny,0,0,0,0,0,0,0,0,0,0,0,0,0,0,5000,300,300,2300,2600,300,300,2900,1200,300,300,200,300,400
2020-04-14,Teploměry,0,0,0,0,0,0,0,0,0,0,0,0,0,0,0,0,0,0,0,0,0,0,0,0,0,0,0,0
2020-04-14,Termokamery,0,0,0,0,0,0,0,0,0,0,0,0,0,0,0,0,0,0,0,0,0,0,0,0,0,0,0,0
2020-04-14,Štíty,0,0,0,0,0,0,0,0,0,0,0,0,0,0,4348,2544,586,60,95,335,225,893,1235,1180,432,57,410,1040
2020-04-15,Brýle,0,0,0,0,0,0,0,0,0,0,0,0,0,0,5113,1945,922,60,355,990,290,2012,1635,980,924,380,710,820
2020-04-15,Dezinfekce (l),0,0,0,0,0,0,0,0,0,0,0,0,0,0,8694,7360,1225,1190,1015,2325,1020,2775,2625,665,5240,810,825,1815
2020-04-15,Filtry k polomaskám,0,0,0,0,0,0,0,0,0,0,0,0,0,0,3102,500,0,0,0,400,0,300,200,0,300,0,0,0
2020-04-15,Návleky na obuv,0,0,0,0,0,0,0,0,0,0,0,0,0,0,4530,367,270,1000,9300,0,1050,1232,2050,1250,18200,50,100,0
2020-04-15,Ochranné oděvy,0,0,0,0,0,0,0,0,0,0,0,0,0,0,109839,31686,6569,2609,5145,17159,3900,15111,12245,6402,19035,10570,5440,6719
2020-04-15,Odběrové sady,0,0,0,0,0,0,0,0,0,0,0,0,0,0,27801,25700,1300,0,1000,2000,8300,11750,9000,1000,3100,600,1800,2100
2020-04-15,Ostatní,0,0,0,0,0,0,0,0,0,0,0,0,0,0,0,0,0,0,0,0,0,0,0,0,0,0,0,0
2020-04-15,Plicní ventilátory,0,0,0,0,0,0,0,0,0,0,0,0,0,0,0,0,0,0,0,0,0,0,0,0,0,0,0,0
2020-04-15,Polomasky,0,0,0,0,0,0,0,0,0,0,0,0,0,0,1551,250,0,0,0,200,0,150,100,0,150,0,0,0
2020-04-15,Příslušenství k plicním ventilátorům,0,0,0,0,0,0,0,0,0,0,0,0,0,0,0,0,0,0,0,0,0,0,0,0,0,0,0,0
2020-04-15,Respirátory,0,0,0,0,0,0,0,0,0,0,0,0,0,0,1223108,261590,92447,43964,71224,115834,71062,174748,134966,72557,125312,124237,85655,109669
2020-04-15,Roušky,0,0,0,0,0,0,0,0,0,0,0,0,0,0,4097119,1551927,398178,177125,310695,700917,309506,950974,719931,313647,784000,627470,347629,445828
2020-04-15,Rukavice,0,0,0,0,0,0,0,0,0,0,0,0,0,0,617078,215894,102198,52279,93107,190134,80069,241228,154518,92034,138184,184952,123273,143953
2020-04-15,Rychlotesty,0,0,0,0,0,0,0,0,0,0,0,0,0,0,29826,12724,8793,8483,6393,7469,6310,15103,34586,7138,7552,22469,6428,9621
2020-04-15,Tampóny,0,0,0,0,0,0,0,0,0,0,0,0,0,0,5000,300,300,2300,2600,300,300,2900,1200,300,300,200,300,400
2020-04-15,Teploměry,0,0,0,0,0,0,0,0,0,0,0,0,0,0,0,0,0,0,0,0,0,0,0,0,0,0,0,0
2020-04-15,Termokamery,0,0,0,0,0,0,0,0,0,0,0,0,0,0,0,0,0,0,0,0,0,0,0,0,0,0,0,0
2020-04-15,Štíty,0,0,0,0,0,0,0,0,0,0,0,0,0,0,4903,2544,586,60,95,335,225,893,1235,1180,432,57,410,1040
2020-04-16,Brýle,0,0,0,0,0,0,0,0,0,0,0,0,0,0,5137,1975,922,60,355,990,290,2032,1635,980,924,380,860,1170
2020-04-16,Dezinfekce (l),0,0,0,0,0,0,0,0,0,0,0,0,0,0,8694,7360,1225,1190,1095,2325,1020,2778,2625,665,5240,810,865,1815
2020-04-16,Filtry k polomaskám,0,0,0,0,0,0,0,0,0,0,0,0,0,0,3105,872,0,0,0,400,0,500,400,0,300,0,0,0
2020-04-16,Návleky na obuv,0,0,0,0,0,0,0,0,0,0,0,0,0,0,4530,417,270,1000,9300,0,1050,1232,2050,1250,18200,50,100,0
2020-04-16,Ochranné oděvy,0,0,0,0,0,0,0,0,0,0,0,0,0,0,109841,41011,6569,2609,5600,17159,4800,19546,12745,6402,19035,10570,6349,6719
2020-04-16,Odběrové sady,0,0,0,0,0,0,0,0,0,0,0,0,0,0,28801,28400,1300,0,1000,2000,10499,12000,9000,1000,3100,600,1800,2100
2020-04-16,Ostatní,0,0,0,0,0,0,0,0,0,0,0,0,0,0,0,0,0,0,0,0,0,0,0,0,0,0,0,0
2020-04-16,Plicní ventilátory,0,0,0,0,0,0,0,0,0,0,0,0,0,0,0,0,0,0,0,0,0,0,0,0,0,0,0,0
2020-04-16,Polomasky,0,0,0,0,0,0,0,0,0,0,0,0,0,0,1554,436,0,0,0,200,0,250,200,0,150,0,0,0
2020-04-16,Příslušenství k plicním ventilátorům,0,0,0,0,0,0,0,0,0,0,0,0,0,0,0,0,0,0,0,0,0,0,0,0,0,0,0,0
2020-04-16,Respirátory,0,0,0,0,0,0,0,0,0,0,0,0,0,0,1267620,322076,112416,53135,89461,132971,87149,219039,163076,88738,143495,166822,105333,139284
2020-04-16,Roušky,0,0,0,0,0,0,0,0,0,0,0,0,0,0,4097139,1576927,398178,177125,325395,700917,306506,953474,725931,313947,784000,627470,347629,483028
2020-04-16,Rukavice,0,0,0,0,0,0,0,0,0,0,0,0,0,0,620198,220353,102198,52279,95207,190134,86669,244628,154518,94184,138184,184952,123873,145953
2020-04-16,Rychlotesty,0,0,0,0,0,0,0,0,0,0,0,0,0,0,33006,12724,8793,8483,6393,7469,6310,15103,34586,7138,7552,22469,6428,9621
2020-04-16,Tampóny,0,0,0,0,0,0,0,0,0,0,0,0,0,0,5000,300,300,2300,2600,300,10300,4900,1200,300,300,200,300,400
2020-04-16,Teploměry,0,0,0,0,0,0,0,0,0,0,0,0,0,0,0,0,0,0,0,0,0,0,0,0,0,0,0,0
2020-04-16,Termokamery,0,0,0,0,0,0,0,0,0,0,0,0,0,0,0,0,0,0,0,0,0,0,0,0,0,0,0,0
2020-04-16,Štíty,0,0,0,0,0,0,0,0,0,0,0,0,0,0,4903,2614,586,60,95,335,225,903,1235,1180,432,57,410,1490
2020-04-17,Brýle,0,0,0,0,0,0,0,0,0,0,0,0,0,0,5143,1975,928,60,355,990,290,2032,1635,990,1154,380,860,1225
2020-04-17,Dezinfekce (l),0,0,0,0,0,0,0,0,0,0,0,0,0,0,8696,7360,1225,1205,1095,2325,1020,2778,2625,665,5240,810,905,1815
2020-04-17,Filtry k polomaskám,0,0,0,0,0,0,0,0,0,0,0,0,0,0,3105,872,0,0,0,600,0,500,400,0,500,0,0,0
2020-04-17,Návleky na obuv,0,0,0,0,0,0,0,0,0,0,0,0,0,0,4530,417,270,1000,9300,0,1050,1232,2050,1250,18200,50,100,0
2020-04-17,Ochranné oděvy,0,0,0,0,0,0,0,0,0,0,0,0,0,0,109945,53661,6669,4209,5600,27159,6600,19546,12745,8732,26035,10570,6349,6734
2020-04-17,Odběrové sady,0,0,0,0,0,0,0,0,0,0,0,0,0,0,28821,38400,1350,0,1000,2000,10499,12000,11000,1000,3400,600,1800,2100
2020-04-17,Ostatní,0,0,0,0,0,0,0,0,0,0,0,0,0,0,0,0,0,0,0,0,0,0,0,0,0,0,0,0
2020-04-17,Plicní ventilátory,0,0,0,0,0,0,0,0,0,0,0,0,0,0,0,0,0,0,0,0,0,0,0,0,0,0,0,0
2020-04-17,Polomasky,0,0,0,0,0,0,0,0,0,0,0,0,0,0,1554,436,0,0,0,300,0,250,200,0,250,0,0,0
2020-04-17,Příslušenství k plicním ventilátorům,0,0,0,0,0,0,0,0,0,0,0,0,0,0,0,0,0,0,0,0,0,0,0,0,0,0,0,0
2020-04-17,Respirátory,0,0,0,0,0,0,0,0,0,0,0,0,0,0,1273652,323996,113856,56755,89461,144721,92599,219039,163076,96138,177105,166822,110373,142664
2020-04-17,Roušky,0,0,0,0,0,0,0,0,0,0,0,0,0,0,4104939,1576927,398178,177525,325395,704917,313006,953474,725931,317697,784000,627470,353629,484628
2020-04-17,Rukavice,0,0,0,0,0,0,0,0,0,0,0,0,0,0,620198,243553,102198,54279,95207,290434,93269,244628,154518,101884,258784,184952,123873,147953
2020-04-17,Rychlotesty,0,0,0,0,0,0,0,0,0,0,0,0,0,0,36286,12724,8793,9483,6393,8469,7310,15103,34586,8138,8552,22469,6428,10621
2020-04-17,Tampóny,0,0,0,0,0,0,0,0,0,0,0,0,0,0,5000,300,300,2300,2600,300,10300,4900,1200,300,2300,200,300,400
2020-04-17,Teploměry,0,0,0,0,0,0,0,0,0,0,0,0,0,0,0,0,0,0,0,0,0,0,0,0,0,0,0,0
2020-04-17,Termokamery,0,0,0,0,0,0,0,0,0,0,0,0,0,0,0,0,0,0,0,0,0,0,0,0,0,0,0,0
2020-04-17,Štíty,0,0,0,0,0,0,0,0,0,0,0,0,0,0,4908,2614,586,60,95,335,245,903,1235,1330,532,57,410,1560
2020-04-18,Brýle,0,0,0,0,0,0,0,0,0,0,0,0,0,0,5344,1975,928,60,355,990,290,2032,1635,990,1154,435,860,1225
2020-04-18,Dezinfekce (l),0,0,0,0,0,0,0,0,0,0,0,0,0,0,9495,7360,1225,1205,1095,2325,1020,2778,2625,665,5240,980,905,1815
2020-04-18,Filtry k polomaskám,0,0,0,0,0,0,0,0,0,0,0,0,0,0,3105,872,0,0,0,600,0,500,400,0,500,0,0,0
2020-04-18,Návleky na obuv,0,0,0,0,0,0,0,0,0,0,0,0,0,0,4530,417,270,1000,9300,0,1050,1232,2050,1250,18200,50,100,0
2020-04-18,Ochranné oděvy,0,0,0,0,0,0,0,0,0,0,0,0,0,0,112966,53661,6669,4209,5600,27159,6600,19546,12745,8732,26035,11410,6349,6734
2020-04-18,Odběrové sady,0,0,0,0,0,0,0,0,0,0,0,0,0,0,29391,38400,1350,0,1000,2000,10499,12000,11000,1000,3400,600,1800,2100
2020-04-18,Ostatní,0,0,0,0,0,0,0,0,0,0,0,0,0,0,0,0,0,0,0,0,0,0,0,0,0,0,0,0
2020-04-18,Plicní ventilátory,0,0,0,0,0,0,0,0,0,0,0,0,0,0,0,0,0,0,0,0,0,0,0,0,0,0,0,0
2020-04-18,Polomasky,0,0,0,0,0,0,0,0,0,0,0,0,0,0,1554,436,0,0,0,300,0,250,200,0,250,0,0,0
2020-04-18,Příslušenství k plicním ventilátorům,0,0,0,0,0,0,0,0,0,0,0,0,0,0,0,0,0,0,0,0,0,0,0,0,0,0,0,0
2020-04-18,Respirátory,0,0,0,0,0,0,0,0,0,0,0,0,0,0,1282742,323996,113856,56755,89461,144721,92599,219039,163076,96138,177105,168562,110373,142664
2020-04-18,Roušky,0,0,0,0,0,0,0,0,0,0,0,0,0,0,4138489,1576927,398178,177525,325395,704917,313006,953474,725931,317697,784000,635770,353629,484628
2020-04-18,Rukavice,0,0,0,0,0,0,0,0,0,0,0,0,0,0,655238,243553,102198,54279,95207,290434,93269,244628,154518,101884,258784,193772,123873,147953
2020-04-18,Rychlotesty,0,0,0,0,0,0,0,0,0,0,0,0,0,0,36286,12724,8793,9483,6393,8469,7310,15103,34586,8138,8552,22469,6428,10621
2020-04-18,Tampóny,0,0,0,0,0,0,0,0,0,0,0,0,0,0,5000,300,300,2300,2600,300,10300,4900,1200,300,2300,200,300,400
2020-04-18,Teploměry,0,0,0,0,0,0,0,0,0,0,0,0,0,0,0,0,0,0,0,0,0,0,0,0,0,0,0,0
2020-04-18,Termokamery,0,0,0,0,0,0,0,0,0,0,0,0,0,0,0,0,0,0,0,0,0,0,0,0,0,0,0,0
2020-04-18,Štíty,0,0,0,0,0,0,0,0,0,0,0,0,0,0,4908,2614,586,60,95,335,245,903,1235,1330,532,57,410,1560
2020-04-19,Brýle,0,0,0,0,0,0,0,0,0,0,0,0,0,0,5344,1975,928,60,355,990,290,2032,1635,990,1154,435,860,1225
2020-04-19,Dezinfekce (l),0,0,0,0,0,0,0,0,0,0,0,0,0,0,9495,7360,1225,1205,1095,2325,1020,2778,2625,665,5240,980,905,1825
2020-04-19,Filtry k polomaskám,0,0,0,0,0,0,0,0,0,0,0,0,0,0,5105,872,0,0,0,600,0,500,400,0,500,0,0,0
2020-04-19,Návleky na obuv,0,0,0,0,0,0,0,0,0,0,0,0,0,0,4530,417,270,1000,9300,0,1050,1232,2050,1250,18200,50,100,0
2020-04-19,Ochranné oděvy,0,0,0,0,0,0,0,0,0,0,0,0,0,0,112966,53661,6669,4209,5600,27159,6600,19546,12745,8732,26035,11410,6349,6734
2020-04-19,Odběrové sady,0,0,0,0,0,0,0,0,0,0,0,0,0,0,29391,38400,1350,0,1000,2000,10499,12000,11000,1000,3400,600,1800,2100
2020-04-19,Ostatní,0,0,0,0,0,0,0,0,0,0,0,0,0,0,0,0,0,0,0,0,0,0,0,0,0,0,0,0
2020-04-19,Plicní ventilátory,0,0,0,0,0,0,0,0,0,0,0,0,0,0,0,0,0,0,0,0,0,0,0,0,0,0,0,0
2020-04-19,Polomasky,0,0,0,0,0,0,0,0,0,0,0,0,0,0,1554,436,0,0,0,300,0,250,200,0,250,0,0,0
2020-04-19,Příslušenství k plicním ventilátorům,0,0,0,0,0,0,0,0,0,0,0,0,0,0,0,0,0,0,0,0,0,0,0,0,0,0,0,0
2020-04-19,Respirátory,0,0,0,0,0,0,0,0,0,0,0,0,0,0,1282742,323996,113856,56755,89461,144721,92599,219039,163076,96138,177105,168562,110373,142664
2020-04-19,Roušky,0,0,0,0,0,0,0,0,0,0,0,0,0,0,4138489,1576927,398178,177525,325395,704917,313006,953474,725931,317697,784000,635770,353629,484628
2020-04-19,Rukavice,0,0,0,0,0,0,0,0,0,0,0,0,0,0,655238,243553,102198,54279,95207,290434,93269,244628,154518,101884,258784,223772,123873,147953
2020-04-19,Rychlotesty,0,0,0,0,0,0,0,0,0,0,0,0,0,0,36286,12724,8793,9483,6393,8469,7310,15103,34586,8138,8552,22469,6428,10621
2020-04-19,Tampóny,0,0,0,0,0,0,0,0,0,0,0,0,0,0,5000,300,300,2300,2600,300,10300,4900,1200,300,2300,200,300,400
2020-04-19,Teploměry,0,0,0,0,0,0,0,0,0,0,0,0,0,0,0,0,0,0,0,0,0,0,0,0,0,0,0,0
2020-04-19,Termokamery,0,0,0,0,0,0,0,0,0,0,0,0,0,0,0,0,0,0,0,0,0,0,0,0,0,0,0,0
2020-04-19,Štíty,0,0,0,0,0,0,0,0,0,0,0,0,0,0,4908,2614,586,60,95,335,245,903,1235,1330,532,57,410,1560
2020-04-20,Brýle,0,0,0,0,0,0,0,0,0,0,0,0,0,0,5344,1975,928,60,355,990,290,2032,1635,990,1154,435,860,1225
2020-04-20,Dezinfekce (l),0,0,0,0,0,0,0,0,0,0,0,0,0,0,9495,7360,1225,1205,1095,2325,1020,2778,2625,665,5240,980,905,1825
2020-04-20,Filtry k polomaskám,0,0,0,0,0,0,0,0,0,0,0,0,0,0,5105,872,0,0,0,600,0,500,400,0,500,0,0,0
2020-04-20,Návleky na obuv,0,0,0,0,0,0,0,0,0,0,0,0,0,0,1554,436,0,0,0,300,0,250,200,0,250,0,0,0
2020-04-20,Ochranné oděvy,0,0,0,0,0,0,0,0,0,0,0,0,0,0,4530,417,270,1000,9300,0,1050,1232,2050,1250,18200,50,100,0
2020-04-20,Odběrové sady,0,0,0,0,0,0,0,0,0,0,0,0,0,0,34391,38700,1650,2300,3600,2300,20799,16900,12200,1300,5700,800,2100,2500
2020-04-20,Ostatní,0,0,0,0,0,0,0,0,0,0,0,0,0,0,0,0,0,0,0,0,0,0,0,0,0,0,0,0
2020-04-20,Plicní ventilátory,0,0,0,0,0,0,0,0,0,0,0,0,0,0,0,0,0,0,0,0,0,0,0,0,0,0,0,0
2020-04-20,Polomasky,0,0,0,0,0,0,0,0,0,0,0,0,0,0,5105,872,0,0,0,600,0,500,400,0,500,0,0,0
2020-04-20,Příslušenství k plicním ventilátorům,0,0,0,0,0,0,0,0,0,0,0,0,0,0,0,0,0,0,0,0,0,0,0,0,0,0,0,0
2020-04-20,Respirátory,0,0,0,0,0,0,0,0,0,0,0,0,0,0,1280742,323996,113856,56755,89461,144721,92599,219039,163076,96138,177105,168562,110373,142664
2020-04-20,Roušky,0,0,0,0,0,0,0,0,0,0,0,0,0,0,4140489,1576927,398178,177525,325395,704917,313006,953474,725931,317697,784000,635770,353629,484628
2020-04-20,Rukavice,0,0,0,0,0,0,0,0,0,0,0,0,0,0,655238,243553,102198,54279,95207,290434,93269,244628,154518,101884,258784,223772,123873,147953
2020-04-20,Rychlotesty,0,0,0,0,0,0,0,0,0,0,0,0,0,0,36286,12724,8793,9483,6393,8469,7310,15103,34586,8138,8552,22469,6428,10621
2020-04-20,Tampóny,0,0,0,0,0,0,0,0,0,0,0,0,0,0,112966,53661,6669,4209,5600,27159,6600,19546,12745,8732,26035,11410,6349,6734
2020-04-20,Teploměry,0,0,0,0,0,0,0,0,0,0,0,0,0,0,0,0,0,0,0,0,0,0,0,0,0,0,0,0
2020-04-20,Termokamery,0,0,0,0,0,0,0,0,0,0,0,0,0,0,0,0,0,0,0,0,0,0,0,0,0,0,0,0
2020-04-20,Štíty,0,0,0,0,0,0,0,0,0,0,0,0,0,0,4908,2614,586,60,95,335,245,903,1235,1330,532,57,410,1560
2020-04-23,Brýle,0,0,0,0,0,0,0,0,0,0,0,0,0,0,5564,2125,1063,60,380,990,290,3162,1650,990,1154,435,1170,1225
2020-04-23,Dezinfekce (l),0,0,0,0,0,0,0,0,0,0,0,0,0,0,10115,7780,1445,1205,1175,2325,1020,3478,2665,665,5240,980,985,1825
2020-04-23,Filtry k polomaskám,0,0,0,0,0,0,0,0,0,0,0,0,0,0,5605,882,10,0,0,600,0,600,400,0,500,0,0,0
2020-04-23,Návleky na obuv,0,0,0,0,0,0,0,0,0,0,0,0,0,0,4530,417,270,1000,9300,0,1050,1232,2050,1250,18200,50,100,0
2020-04-23,Ochranné oděvy,0,0,0,0,0,0,0,0,0,0,0,0,0,0,155731,64046,8229,4209,6080,27159,6600,22466,13185,8732,26035,11610,6589,6734
2020-04-23,Odběrové sady,0,0,0,0,0,0,0,0,0,0,0,0,0,0,51391,45200,3150,2300,6100,2300,20799,22400,16200,1300,5700,2300,4100,3500
2020-04-23,Ostatní,0,0,0,0,0,0,0,0,0,0,0,0,0,0,0,0,0,0,0,0,0,0,0,0,0,0,0,0
2020-04-23,Plicní ventilátory,0,0,0,0,0,0,0,0,0,0,0,0,0,0,0,0,0,0,0,0,0,0,0,0,0,0,0,0
2020-04-23,Polomasky,0,0,0,0,0,0,0,0,0,0,0,0,0,0,1804,441,5,0,0,300,0,300,200,0,250,0,0,0
2020-04-23,Příslušenství k plicním ventilátorům,0,0,0,0,0,0,0,0,0,0,0,0,0,0,0,0,0,0,0,0,0,0,0,0,0,0,0,0
2020-04-23,Respirátory,0,0,0,0,0,0,0,0,0,0,0,0,0,0,1717452,412376,138536,66255,106621,165591,106199,285909,188896,113508,196795,208652,128503,174834
2020-04-23,Roušky,0,0,0,0,0,0,0,0,0,0,0,0,0,0,4978037,1716527,468128,201275,370845,757167,347006,1081924,790881,361147,833300,734020,400279,553778
2020-04-23,Rukavice,0,0,0,0,0,0,0,0,0,0,0,0,0,0,978038,453153,224798,98679,177307,382034,160269,451828,267518,179084,347784,421172,219873,268953
2020-04-23,Rychlotesty,0,0,0,0,0,0,0,0,0,0,0,0,0,0,69746,16934,9793,9483,7393,8469,7310,16103,35586,8138,8552,22469,7428,10621
2020-04-23,Tampóny,0,0,0,0,0,0,0,0,0,0,0,0,0,0,0,0,0,0,0,0,0,0,0,0,0,0,0,0
2020-04-23,Teploměry,0,0,0,0,0,0,0,0,0,0,0,0,0,0,0,0,0,0,0,0,0,0,0,0,0,0,0,0
2020-04-23,Termokamery,0,0,0,0,0,0,0,0,0,0,0,0,0,0,0,0,0,0,0,0,0,0,0,0,0,0,0,0
2020-04-23,Štíty,0,0,0,0,0,0,0,0,0,0,0,0,0,0,5483,2682,586,60,95,335,245,923,1235,1330,532,57,610,1560
2020-04-24,Brýle,0,0,0,0,0,0,0,0,0,0,0,0,0,0,5564,2125,1063,60,380,990,290,3162,1650,990,1154,435,1170,1225
2020-04-24,Dezinfekce (l),0,0,0,0,0,0,0,0,0,0,0,0,0,0,10115,7780,1445,1205,1175,2325,1020,3478,2665,665,5240,980,985,1825
2020-04-24,Filtry k polomaskám,0,0,0,0,0,0,0,0,0,0,0,0,0,0,5605,882,10,0,0,600,0,600,400,0,500,0,0,0
2020-04-24,Návleky na obuv,0,0,0,0,0,0,0,0,0,0,0,0,0,0,4530,417,270,1000,9300,0,1050,1232,2050,1250,18200,50,100,0
2020-04-24,Ochranné oděvy,0,0,0,0,0,0,0,0,0,0,0,0,0,0,155731,64046,8229,4209,6080,27159,6600,22466,13185,8732,26035,11610,6589,6734
2020-04-24,Odběrové sady,0,0,0,0,0,0,0,0,0,0,0,0,0,0,51391,45200,3150,2300,6100,2300,20799,22400,16200,1300,5700,2300,4100,3500
2020-04-24,Ostatní,0,0,0,0,0,0,0,0,0,0,0,0,0,0,0,0,0,0,0,0,0,0,0,0,0,0,0,0
2020-04-24,Plicní ventilátory,0,0,0,0,0,0,0,0,0,0,0,0,0,0,0,0,0,0,0,0,0,0,0,0,0,0,0,0
2020-04-24,Polomasky,0,0,0,0,0,0,0,0,0,0,0,0,0,0,1804,441,5,0,0,300,0,300,200,0,250,0,0,0
2020-04-24,Příslušenství k plicním ventilátorům,0,0,0,0,0,0,0,0,0,0,0,0,0,0,0,0,0,0,0,0,0,0,0,0,0,0,0,0
2020-04-24,Respirátory,0,0,0,0,0,0,0,0,0,0,0,0,0,0,1717452,412376,138536,66255,106621,165591,106199,285909,188896,113508,196795,208652,128503,174834
2020-04-24,Roušky,0,0,0,0,0,0,0,0,0,0,0,0,0,0,4978037,1716527,468128,201275,370845,757167,347006,1081924,790881,361147,833300,734020,400279,553778
2020-04-24,Rukavice,0,0,0,0,0,0,0,0,0,0,0,0,0,0,978038,453153,224798,98679,177307,382034,160269,451828,267518,179084,347784,421172,219873,268953
2020-04-24,Rychlotesty,0,0,0,0,0,0,0,0,0,0,0,0,0,0,69746,16934,9793,9483,7393,8469,7310,16103,35586,8138,8552,22469,7428,10621
2020-04-24,Tampóny,0,0,0,0,0,0,0,0,0,0,0,0,0,0,0,0,0,0,0,0,0,0,0,0,0,0,0,0
2020-04-24,Teploměry,0,0,0,0,0,0,0,0,0,0,0,0,0,0,0,0,0,0,0,0,0,0,0,0,0,0,0,0
2020-04-24,Termokamery,0,0,0,0,0,0,0,0,0,0,0,0,0,0,0,0,0,0,0,0,0,0,0,0,0,0,0,0
2020-04-24,Štíty,0,0,0,0,0,0,0,0,0,0,0,0,0,0,5483,2682,586,60,95,335,245,923,1235,1330,532,57,610,1560
2020-04-25,Brýle,0,0,0,0,0,0,0,0,0,0,0,0,0,0,5564,2125,1063,60,380,990,290,3162,1650,990,1154,435,1170,1225
2020-04-25,Dezinfekce (l),0,0,0,0,0,0,0,0,0,0,0,0,0,0,10115,7780,1445,1205,1175,2325,1020,3478,2665,665,5240,980,985,1825
2020-04-25,Filtry k polomaskám,0,0,0,0,0,0,0,0,0,0,0,0,0,0,5605,882,10,0,0,600,0,600,400,0,500,0,0,0
2020-04-25,Návleky na obuv,0,0,0,0,0,0,0,0,0,0,0,0,0,0,4530,417,270,1000,9300,0,1050,1232,2050,1250,18200,50,100,0
2020-04-25,Ochranné oděvy,0,0,0,0,0,0,0,0,0,0,0,0,0,0,155731,64046,8229,4209,6080,27159,6600,22466,13185,8732,26035,11610,6589,6734
2020-04-25,Odběrové sady,0,0,0,0,0,0,0,0,0,0,0,0,0,0,51391,45200,3150,2300,6100,2300,20799,22400,16200,1300,5700,2300,4100,3500
2020-04-25,Ostatní,0,0,0,0,0,0,0,0,0,0,0,0,0,0,0,0,0,0,0,0,0,0,0,0,0,0,0,0
2020-04-25,Plicní ventilátory,0,0,0,0,0,0,0,0,0,0,0,0,0,0,0,0,0,0,0,0,0,0,0,0,0,0,0,0
2020-04-25,Polomasky,0,0,0,0,0,0,0,0,0,0,0,0,0,0,1804,441,5,0,0,300,0,300,200,0,250,0,0,0
2020-04-25,Příslušenství k plicním ventilátorům,0,0,0,0,0,0,0,0,0,0,0,0,0,0,0,0,0,0,0,0,0,0,0,0,0,0,0,0
2020-04-25,Respirátory,0,0,0,0,0,0,0,0,0,0,0,0,0,0,1717452,412376,138536,66255,106621,165591,106199,285909,188896,113508,196795,208652,128503,174834
2020-04-25,Roušky,0,0,0,0,0,0,0,0,0,0,0,0,0,0,4978037,1716527,468128,201275,370845,757167,347006,1081924,790881,361147,833300,734020,400279,553778
2020-04-25,Rukavice,0,0,0,0,0,0,0,0,0,0,0,0,0,0,978038,453153,224798,98679,177307,382034,160269,451828,267518,179084,347784,421172,219873,268953
2020-04-25,Rychlotesty,0,0,0,0,0,0,0,0,0,0,0,0,0,0,69746,16934,9793,9483,7393,8469,7310,16103,35586,8138,8552,22469,7428,10621
2020-04-25,Tampóny,0,0,0,0,0,0,0,0,0,0,0,0,0,0,0,0,0,0,0,0,0,0,0,0,0,0,0,0
2020-04-25,Teploměry,0,0,0,0,0,0,0,0,0,0,0,0,0,0,0,0,0,0,0,0,0,0,0,0,0,0,0,0
2020-04-25,Termokamery,0,0,0,0,0,0,0,0,0,0,0,0,0,0,0,0,0,0,0,0,0,0,0,0,0,0,0,0
2020-04-25,Štíty,0,0,0,0,0,0,0,0,0,0,0,0,0,0,5483,2682,586,60,95,335,245,923,1235,1330,532,57,610,1560
2020-04-26,Brýle,0,0,0,0,0,0,0,0,0,0,0,0,0,0,5564,2125,1063,60,380,990,290,3162,1650,990,1154,435,1170,1225
2020-04-26,Dezinfekce (l),0,0,0,0,0,0,0,0,0,0,0,0,0,0,10115,7780,1445,1205,1175,2325,1020,3478,2665,665,5240,980,985,1825
2020-04-26,Filtry k polomaskám,0,0,0,0,0,0,0,0,0,0,0,0,0,0,5605,882,10,0,0,600,0,600,400,0,500,0,0,0
2020-04-26,Návleky na obuv,0,0,0,0,0,0,0,0,0,0,0,0,0,0,4530,417,270,1000,9300,0,1050,1232,2050,1250,18200,50,100,0
2020-04-26,Ochranné oděvy,0,0,0,0,0,0,0,0,0,0,0,0,0,0,155731,64046,8229,4209,6080,27159,6600,22466,13185,8732,26035,11610,6589,6734
2020-04-26,Odběrové sady,0,0,0,0,0,0,0,0,0,0,0,0,0,0,51391,45200,3150,2300,6100,2300,20799,22400,16200,1300,5700,2300,4100,3500
2020-04-26,Ostatní,0,0,0,0,0,0,0,0,0,0,0,0,0,0,0,0,0,0,0,0,0,0,0,0,0,0,0,0
2020-04-26,Plicní ventilátory,0,0,0,0,0,0,0,0,0,0,0,0,0,0,0,0,0,0,0,0,0,0,0,0,0,0,0,0
2020-04-26,Polomasky,0,0,0,0,0,0,0,0,0,0,0,0,0,0,1804,441,5,0,0,300,0,300,200,0,250,0,0,0
2020-04-26,Příslušenství k plicním ventilátorům,0,0,0,0,0,0,0,0,0,0,0,0,0,0,0,0,0,0,0,0,0,0,0,0,0,0,0,0
2020-04-26,Respirátory,0,0,0,0,0,0,0,0,0,0,0,0,0,0,1717452,412376,138536,66255,106621,165591,106199,285909,188896,113508,196795,208652,128503,174834
2020-04-26,Roušky,0,0,0,0,0,0,0,0,0,0,0,0,0,0,4978037,1716527,468128,201275,370845,757167,347006,1081924,790881,361147,833300,734020,400279,553778
2020-04-26,Rukavice,0,0,0,0,0,0,0,0,0,0,0,0,0,0,978038,453153,224798,98679,177307,382034,160269,451828,267518,179084,347784,421172,219873,268953
2020-04-26,Rychlotesty,0,0,0,0,0,0,0,0,0,0,0,0,0,0,69746,16934,9793,9483,7393,8469,7310,16103,35586,8138,8552,22469,7428,10621
2020-04-26,Tampóny,0,0,0,0,0,0,0,0,0,0,0,0,0,0,0,0,0,0,0,0,0,0,0,0,0,0,0,0
2020-04-26,Teploměry,0,0,0,0,0,0,0,0,0,0,0,0,0,0,0,0,0,0,0,0,0,0,0,0,0,0,0,0
2020-04-26,Termokamery,0,0,0,0,0,0,0,0,0,0,0,0,0,0,0,0,0,0,0,0,0,0,0,0,0,0,0,0
2020-04-26,Štíty,0,0,0,0,0,0,0,0,0,0,0,0,0,0,5483,2682,586,60,95,335,245,923,1235,1330,532,57,610,1560
2020-04-27,Brýle,0,0,0,0,0,0,0,0,0,0,0,0,0,0,5609,2080,1063,105,380,1020,335,3142,1670,1075,1264,435,1120,1305
2020-04-27,Dezinfekce (l),0,0,0,0,0,0,0,0,0,0,0,0,0,0,10715,8080,1445,1290,1175,2385,1200,3475,3265,825,6060,980,945,2075
2020-04-27,Filtry k polomaskám,0,0,0,0,0,0,0,0,0,0,0,0,0,0,5656,882,10,0,0,600,0,600,400,0,700,0,0,0
2020-04-27,Návleky na obuv,0,0,0,0,0,0,0,0,0,0,0,0,0,0,4530,367,270,1000,9300,0,1050,1232,2050,1250,18200,50,100,0
2020-04-27,Ochranné oděvy,0,0,0,0,0,0,0,0,0,0,0,0,0,0,156315,63021,8229,4719,6080,30189,6420,21091,13585,10552,36515,11360,6589,8574
2020-04-27,Odběrové sady,0,0,0,0,0,0,0,0,0,0,0,0,0,0,54041,54900,3150,3800,6100,3800,11100,20400,16600,3300,10700,2400,4100,7100
2020-04-27,Ostatní,0,0,0,0,0,0,0,0,0,0,0,0,0,0,0,0,0,0,0,0,0,0,0,0,0,0,0,0
2020-04-27,Plicní ventilátory,0,0,0,0,0,0,0,0,0,0,0,0,0,0,0,0,0,0,0,0,0,0,0,0,0,0,0,0
2020-04-27,Polomasky,0,0,0,0,0,0,0,0,0,0,0,0,0,0,1844,441,5,0,0,300,0,300,200,0,350,0,0,0
2020-04-27,Příslušenství k plicním ventilátorům,0,0,0,0,0,0,0,0,0,0,0,0,0,0,0,0,0,0,0,0,0,0,0,0,0,0,0,0
2020-04-27,Respirátory,0,0,0,0,0,0,0,0,0,0,0,0,0,0,1725332,398636,138536,64745,106861,217051,105669,285909,191136,123878,213905,208652,123463,173984
2020-04-27,Roušky,0,0,0,0,0,0,0,0,0,0,0,0,0,0,4983987,1693427,468128,207625,370845,767967,358056,1081924,792481,374047,879000,734020,394279,555928
2020-04-27,Rukavice,0,0,0,0,0,0,0,0,0,0,0,0,0,0,1045378,484994,224798,104879,177307,387834,161269,450628,334718,190334,362484,421172,218873,293573
2020-04-27,Rychlotesty,0,0,0,0,0,0,0,0,0,0,0,0,0,0,81876,32934,9793,10483,7393,8469,7310,16103,60586,8138,8552,22469,7428,13621
2020-04-27,Tampóny,0,0,0,0,0,0,0,0,0,0,0,0,0,0,0,0,0,0,0,0,0,0,0,0,0,0,0,0
2020-04-27,Teploměry,0,0,0,0,0,0,0,0,0,0,0,0,0,0,0,0,0,0,0,0,0,0,0,0,0,0,0,0
2020-04-27,Termokamery,0,0,0,0,0,0,0,0,0,0,0,0,0,0,0,0,0,0,0,0,0,0,0,0,0,0,0,0
2020-04-27,Štíty,0,0,0,0,0,0,0,0,0,0,0,0,0,0,5703,2692,586,60,95,335,245,913,1415,1330,532,57,610,1605
2020-04-28,Brýle,0,0,0,0,0,0,0,0,0,0,0,0,0,0,6854,2080,1068,105,380,1020,335,3142,1670,1075,1264,435,1120,1305
2020-04-28,Dezinfekce (l),0,0,0,0,0,0,0,0,0,0,0,0,0,0,14375,8080,1445,1290,1175,2385,1200,3475,3265,825,6060,1065,945,2075
2020-04-28,Filtry k polomaskám,0,0,0,0,0,0,0,0,0,0,0,0,0,0,5756,882,10,0,0,600,0,600,400,0,700,0,0,0
2020-04-28,Návleky na obuv,0,0,0,0,0,0,0,0,0,0,0,0,0,0,4580,367,270,1000,9300,0,1050,1232,2050,1250,18200,50,100,0
2020-04-28,Ochranné oděvy,0,0,0,0,0,0,0,0,0,0,0,0,0,0,207415,63021,9729,4719,6080,30189,6420,21091,13585,10552,36515,14570,6589,8574
2020-04-28,Odběrové sady,0,0,0,0,0,0,0,0,0,0,0,0,0,0,82991,54900,3650,3800,6100,3800,11100,20400,16600,3300,10700,2900,4100,7100
2020-04-28,Ostatní,0,0,0,0,0,0,0,0,0,0,0,0,0,0,0,0,0,0,0,0,0,0,0,0,0,0,0,0
2020-04-28,Plicní ventilátory,0,0,0,0,0,0,0,0,0,0,0,0,0,0,0,0,0,0,0,0,0,0,0,0,0,0,0,0
2020-04-28,Polomasky,0,0,0,0,0,0,0,0,0,0,0,0,0,0,1895,441,5,0,0,300,0,300,200,0,350,0,0,0
2020-04-28,Příslušenství k plicním ventilátorům,0,0,0,0,0,0,0,0,0,0,0,0,0,0,0,0,0,0,0,0,0,0,0,0,0,0,0,0
2020-04-28,Respirátory,0,0,0,0,0,0,0,0,0,0,0,0,0,0,1919460,435527,158981,73905,122680,234167,119409,323285,210783,140040,232066,256706,141569,199479
2020-04-28,Roušky,0,0,0,0,0,0,0,0,0,0,0,0,0,0,5230587,1693427,468128,207625,370845,767967,358056,1081924,792481,374047,879000,735020,394279,555928
2020-04-28,Rukavice,0,0,0,0,0,0,0,0,0,0,0,0,0,0,1349178,484994,224798,104879,177307,387834,161269,450628,334718,190334,362484,449772,218873,293573
2020-04-28,Rychlotesty,0,0,0,0,0,0,0,0,0,0,0,0,0,0,100896,32934,14793,10483,7393,8469,7310,16103,60586,8138,8552,22569,7428,13621
2020-04-28,Tampóny,0,0,0,0,0,0,0,0,0,0,0,0,0,0,0,0,0,0,0,0,0,0,0,0,0,0,0,0
2020-04-28,Teploměry,0,0,0,0,0,0,0,0,0,0,0,0,0,0,0,0,0,0,0,0,0,0,0,0,0,0,0,0
2020-04-28,Termokamery,0,0,0,0,0,0,0,0,0,0,0,0,0,0,0,0,0,0,0,0,0,0,0,0,0,0,0,0
2020-04-28,Štíty,0,0,0,0,0,0,0,0,0,0,0,0,0,0,7474,2692,586,60,95,335,245,913,1415,1330,532,217,610,1605
2020-04-29,Brýle,0,0,0,0,0,0,0,0,0,0,0,0,0,0,6854,2445,1068,105,410,1020,335,3192,1670,1075,1264,435,1120,1305
2020-04-29,Dezinfekce (l),0,0,0,0,0,0,0,0,0,0,0,0,0,0,14375,9060,1445,1290,1175,2385,1200,3975,3265,825,6060,1065,1265,2075
2020-04-29,Filtry k polomaskám,0,0,0,0,0,0,0,0,0,0,0,0,0,0,5756,882,10,0,0,600,0,600,400,0,700,0,0,0
2020-04-29,Návleky na obuv,0,0,0,0,0,0,0,0,0,0,0,0,0,0,4580,367,270,1000,9300,0,1050,1232,2050,1250,18200,50,100,0
2020-04-29,Ochranné oděvy,0,0,0,0,0,0,0,0,0,0,0,0,0,0,207415,72086,9729,4719,6680,30189,6420,21902,13785,10552,36515,14570,6989,8574
2020-04-29,Odběrové sady,0,0,0,0,0,0,0,0,0,0,0,0,0,0,82991,60000,3650,3800,6700,3800,11100,24400,16600,3300,10700,2900,4100,7100
2020-04-29,Ostatní,0,0,0,0,0,0,0,0,0,0,0,0,0,0,0,0,0,0,0,0,0,0,0,0,0,0,0,0
2020-04-29,Plicní ventilátory,0,0,0,0,0,0,0,0,0,0,0,0,0,0,0,0,0,0,0,0,0,0,0,0,0,0,0,0
2020-04-29,Polomasky,0,0,0,0,0,0,0,0,0,0,0,0,0,0,1895,441,5,0,0,300,0,300,200,0,350,0,0,0
2020-04-29,Příslušenství k plicním ventilátorům,0,0,0,0,0,0,0,0,0,0,0,0,0,0,0,0,0,0,0,0,0,0,0,0,0,0,0,0
2020-04-29,Respirátory,0,0,0,0,0,0,0,0,0,0,0,0,0,0,1919460,457377,158981,73905,123880,234167,119409,365555,214743,140040,232066,256706,144769,199479
2020-04-29,Roušky,0,0,0,0,0,0,0,0,0,0,0,0,0,0,5230587,1695327,468128,207625,375045,767967,358056,1095324,798481,374047,879000,735020,395779,555928
2020-04-29,Rukavice,0,0,0,0,0,0,0,0,0,0,0,0,0,0,1349178,493494,224798,104879,182407,387834,161269,478428,339518,190334,362484,449772,236973,293573
2020-04-29,Rychlotesty,0,0,0,0,0,0,0,0,0,0,0,0,0,0,100896,42184,14793,10483,12393,8469,7310,22113,65586,8138,8552,22569,12428,13621
2020-04-29,Tampóny,0,0,0,0,0,0,0,0,0,0,0,0,0,0,0,0,0,0,0,0,0,0,0,0,0,0,0,0
2020-04-29,Teploměry,0,0,0,0,0,0,0,0,0,0,0,0,0,0,0,0,0,0,0,0,0,0,0,0,0,0,0,0
2020-04-29,Termokamery,0,0,0,0,0,0,0,0,0,0,0,0,0,0,0,0,0,0,0,0,0,0,0,0,0,0,0,0
2020-04-29,Štíty,0,0,0,0,0,0,0,0,0,0,0,0,0,0,7474,2782,586,60,105,335,245,1018,1415,1330,532,217,610,1605
2020-05-05,Brýle,0,0,0,0,0,0,0,0,0,0,0,0,0,0,6854,2445,1193,105,410,1120,335,3192,1670,1105,1264,435,1120,1325
2020-05-05,Dezinfekce (l),0,0,0,0,0,0,0,0,0,0,0,0,0,0,14375,9060,1445,1290,1175,2425,1200,3975,3265,825,7255,1065,1265,2475
2020-05-05,Filtry k polomaskám,0,0,0,0,0,0,0,0,0,0,0,0,0,0,5756,882,10,0,0,600,0,600,400,0,850,0,0,0
2020-05-05,Návleky na obuv,0,0,0,0,0,0,0,0,0,0,0,0,0,0,4580,367,310,1000,9300,0,1050,1232,2050,1250,18200,50,100,0
2020-05-05,Ochranné oděvy,0,0,0,0,0,0,0,0,0,0,0,0,0,0,237415,72086,29779,4719,6680,33189,8440,21902,13785,19042,56785,14620,6989,9574
2020-05-05,Odběrové sady,0,0,0,0,0,0,0,0,0,0,0,0,0,0,82991,72000,3650,4800,6700,5800,13100,24400,16600,8800,16700,2900,4100,7100
2020-05-05,Ostatní,0,0,0,0,0,0,0,0,0,0,0,0,0,0,0,0,0,0,0,0,0,0,0,0,0,0,0,0
2020-05-05,Plicní ventilátory,0,0,0,0,0,0,0,0,0,0,0,0,0,0,0,0,0,0,0,0,0,0,0,0,0,0,0,0
2020-05-05,Polomasky,0,0,0,0,0,0,0,0,0,0,0,0,0,0,1895,441,5,0,0,300,0,300,200,0,400,0,0,0
2020-05-05,Příslušenství k plicním ventilátorům,0,0,0,0,0,0,0,0,0,0,0,0,0,0,0,0,0,0,0,0,0,0,0,0,0,0,0,0
2020-05-05,Respirátory,0,0,0,0,0,0,0,0,0,0,0,0,0,0,1926908,457377,161411,78625,123880,275727,120889,365555,214743,160160,295526,258706,144769,206279
2020-05-05,Roušky,0,0,0,0,0,0,0,0,0,0,0,0,0,0,5230587,1695327,469128,207625,375045,779467,369456,1095324,798481,376547,991300,735020,395779,556928
2020-05-05,Rukavice,0,0,0,0,0,0,0,0,0,0,0,0,0,0,1457178,493494,225598,105679,182407,488334,170069,478428,339518,204734,582584,449772,236973,294773
2020-05-05,Rychlotesty,0,0,0,0,0,0,0,0,0,0,0,0,0,0,100896,42184,14843,14483,12393,13469,12310,22113,65586,13138,16552,22569,12428,18621
2020-05-05,Tampóny,0,0,0,0,0,0,0,0,0,0,0,0,0,0,0,0,0,0,0,0,0,0,0,0,0,0,0,0
2020-05-05,Teploměry,0,0,0,0,0,0,0,0,0,0,0,0,0,0,0,0,0,0,0,0,0,0,0,0,0,0,0,0
2020-05-05,Termokamery,0,0,0,0,0,0,0,0,0,0,0,0,0,0,0,0,0,0,0,0,0,0,0,0,0,0,0,0
2020-05-05,Štíty,0,0,0,0,0,0,0,0,0,0,0,0,0,0,7474,2782,586,60,105,335,245,1018,1415,1340,1032,267,610,1605
2020-05-06,Brýle,0,0,0,0,0,0,0,0,0,0,0,0,0,0,7960,2465,1193,105,410,1120,335,3422,1692,1105,1264,435,1120,1325
2020-05-06,Dezinfekce (l),0,0,0,0,0,0,0,0,0,0,0,0,0,0,14675,9100,1445,1290,1175,2425,1200,4075,3265,825,7255,1065,1385,2475
2020-05-06,Filtry k polomaskám,0,0,0,0,0,0,0,0,0,0,0,0,0,0,7936,1682,10,0,0,600,0,1000,800,0,850,0,0,0
2020-05-06,Návleky na obuv,0,0,0,0,0,0,0,0,0,0,0,0,0,0,35580,5447,310,1000,9800,0,1050,11232,2050,1250,18200,50,350,0
2020-05-06,Ochranné oděvy,0,0,0,0,0,0,0,0,0,0,0,0,0,0,268180,80346,29779,4719,6710,33189,8440,44402,14385,19042,56785,14620,7039,9574
2020-05-06,Odběrové sady,0,0,0,0,0,0,0,0,0,0,0,0,0,0,144201,84700,3650,4800,7100,5800,13100,66700,16600,8800,16700,17900,4700,7100
2020-05-06,Ostatní,0,0,0,0,0,0,0,0,0,0,0,0,0,0,0,0,0,0,0,0,0,0,0,0,0,0,0,0
2020-05-06,Plicní ventilátory,0,0,0,0,0,0,0,0,0,0,0,0,0,0,0,0,0,0,0,0,0,0,0,0,0,0,0,0
2020-05-06,Polomasky,0,0,0,0,0,0,0,0,0,0,0,0,0,0,3000,841,5,0,0,300,0,500,400,0,400,0,0,0
2020-05-06,Příslušenství k plicním ventilátorům,0,0,0,0,0,0,0,0,0,0,0,0,0,0,0,0,0,0,0,0,0,0,0,0,0,0,0,0
2020-05-06,Respirátory,0,0,0,0,0,0,0,0,0,0,0,0,0,0,2081328,480437,161411,78625,124940,275727,120889,398525,220503,160160,295526,263756,146729,206279
2020-05-06,Roušky,0,0,0,0,0,0,0,0,0,0,0,0,0,0,5557687,1798197,469128,207625,383045,779467,369456,1125203,836481,376547,991300,735020,397779,556928
2020-05-06,Rukavice,0,0,0,0,0,0,0,0,0,0,0,0,0,0,1690578,504194,225598,105679,187707,488334,170069,484428,351718,204734,582584,449772,275873,294773
2020-05-06,Rychlotesty,0,0,0,0,0,0,0,0,0,0,0,0,0,0,102086,42184,14843,14483,12393,13469,12310,47613,65586,13138,16552,42569,12428,18621
2020-05-06,Tampóny,0,0,0,0,0,0,0,0,0,0,0,0,0,0,0,0,0,0,0,0,0,0,0,0,0,0,0,0
2020-05-06,Teploměry,0,0,0,0,0,0,0,0,0,0,0,0,0,0,0,0,0,0,0,0,0,0,0,0,0,0,0,0
2020-05-06,Termokamery,0,0,0,0,0,0,0,0,0,0,0,0,0,0,0,0,0,0,0,0,0,0,0,0,0,0,0,0
2020-05-06,Štíty,0,0,0,0,0,0,0,0,0,0,0,0,0,0,7634,2832,586,60,115,335,245,1068,1415,1340,1032,267,610,1605
2020-05-07,Brýle,0,0,0,0,0,0,0,0,0,0,0,0,0,0,7960,2465,1193,105,410,1220,335,3422,1692,1105,1464,435,1120,1325
2020-05-07,Dezinfekce (l),0,0,0,0,0,0,0,0,0,0,0,0,0,0,14675,9100,1445,1290,1175,2465,1200,4075,3265,825,7455,1065,1385,2535
2020-05-07,Filtry k polomaskám,0,0,0,0,0,0,0,0,0,0,0,0,0,0,7936,1682,10,0,0,1000,0,1000,800,0,1150,0,0,0
2020-05-07,Návleky na obuv,0,0,0,0,0,0,0,0,0,0,0,0,0,0,35580,5447,310,1000,9800,0,2050,11232,2050,4880,38250,50,350,120
2020-05-07,Ochranné oděvy,0,0,0,0,0,0,0,0,0,0,0,0,0,0,268180,80346,29779,14719,6710,33189,9240,44402,14385,21592,81925,14620,7039,39674
2020-05-07,Odběrové sady,0,0,0,0,0,0,0,0,0,0,0,0,0,0,144201,84700,3650,5300,7100,6300,13100,66700,16600,10900,20700,17900,4700,10100
2020-05-07,Ostatní,0,0,0,0,0,0,0,0,0,0,0,0,0,0,0,0,0,0,0,0,0,0,0,0,0,0,0,0
2020-05-07,Plicní ventilátory,0,0,0,0,0,0,0,0,0,0,0,0,0,0,0,0,0,0,0,0,0,0,0,0,0,0,0,0
2020-05-07,Polomasky,0,0,0,0,0,0,0,0,0,0,0,0,0,0,3000,841,5,0,0,500,0,500,400,0,500,0,0,0
2020-05-07,Příslušenství k plicním ventilátorům,0,0,0,0,0,0,0,0,0,0,0,0,0,0,0,0,0,0,0,0,0,0,0,0,0,0,0,0
2020-05-07,Respirátory,0,0,0,0,0,0,0,0,0,0,0,0,0,0,2081328,480437,161411,89365,124940,338087,123659,398525,220503,167630,400054,263756,146729,215479
2020-05-07,Roušky,0,0,0,0,0,0,0,0,0,0,0,0,0,0,5557687,1798197,469128,210625,383045,811967,380456,1125203,836481,379547,1093800,735020,397779,560928
2020-05-07,Rukavice,0,0,0,0,0,0,0,0,0,0,0,0,0,0,1690578,504194,225598,106079,187707,488934,179069,484428,351718,213134,651784,449772,275873,301873
2020-05-07,Rychlotesty,0,0,0,0,0,0,0,0,0,0,0,0,0,0,102086,42184,14843,14483,12393,13469,12310,47613,65586,13138,16552,42569,12428,18621
2020-05-07,Tampóny,0,0,0,0,0,0,0,0,0,0,0,0,0,0,0,0,0,0,0,0,0,0,0,0,0,0,0,0
2020-05-07,Teploměry,0,0,0,0,0,0,0,0,0,0,0,0,0,0,0,0,0,0,0,0,0,0,0,0,0,0,0,0
2020-05-07,Termokamery,0,0,0,0,0,0,0,0,0,0,0,0,0,0,0,0,0,0,0,0,0,0,0,0,0,0,0,0
2020-05-07,Štíty,0,0,0,0,0,0,0,0,0,0,0,0,0,0,7634,2832,586,60,115,335,245,1068,1415,1860,1032,267,610,1605
2020-05-08,Brýle,0,0,0,0,0,0,0,0,0,0,0,0,0,0,7960,2465,1193,105,410,1220,335,3422,1692,1105,1464,435,1120,1325
2020-05-08,Dezinfekce (l),0,0,0,0,0,0,0,0,0,0,0,0,0,0,14675,9100,1445,1290,1175,2465,1200,4075,3265,825,7455,1065,1385,2535
2020-05-08,Filtry k polomaskám,0,0,0,0,0,0,0,0,0,0,0,0,0,0,7936,1682,10,0,0,1000,0,1000,800,0,1150,0,0,0
2020-05-08,Návleky na obuv,0,0,0,0,0,0,0,0,0,0,0,0,0,0,35580,5447,310,1000,9800,0,2050,11232,2050,4880,38250,50,350,120
2020-05-08,Ochranné oděvy,0,0,0,0,0,0,0,0,0,0,0,0,0,0,268180,80346,29779,14719,6710,33189,9240,44402,14385,21592,81925,14620,7039,39674
2020-05-08,Odběrové sady,0,0,0,0,0,0,0,0,0,0,0,0,0,0,144201,84700,3650,5300,7100,6300,13100,66700,16600,10900,20700,17900,4700,10100
2020-05-08,Ostatní,0,0,0,0,0,0,0,0,0,0,0,0,0,0,0,0,0,0,0,0,0,0,0,0,0,0,0,0
2020-05-08,Plicní ventilátory,0,0,0,0,0,0,0,0,0,0,0,0,0,0,0,0,0,0,0,0,0,0,0,0,0,0,0,0
2020-05-08,Polomasky,0,0,0,0,0,0,0,0,0,0,0,0,0,0,3000,841,5,0,0,500,0,500,400,0,500,0,0,0
2020-05-08,Příslušenství k plicním ventilátorům,0,0,0,0,0,0,0,0,0,0,0,0,0,0,0,0,0,0,0,0,0,0,0,0,0,0,0,0
2020-05-08,Respirátory,0,0,0,0,0,0,0,0,0,0,0,0,0,0,2146768,521957,182551,98865,141300,358957,137259,441815,251113,185000,419744,309046,164359,242329
2020-05-08,Roušky,0,0,0,0,0,0,0,0,0,0,0,0,0,0,5884887,2005797,574828,258125,464845,916317,448456,1341653,989531,466397,1192250,931470,485929,695178
2020-05-08,Rukavice,0,0,0,0,0,0,0,0,0,0,0,0,0,0,1808478,602594,278398,128279,225907,534734,212569,581328,405018,251734,696284,548472,322673,361373
2020-05-08,Rychlotesty,0,0,0,0,0,0,0,0,0,0,0,0,0,0,102086,42184,14843,14483,12393,13469,12310,47613,65586,13138,16552,42569,12428,18621
2020-05-08,Tampóny,0,0,0,0,0,0,0,0,0,0,0,0,0,0,0,0,0,0,0,0,0,0,0,0,0,0,0,0
2020-05-08,Teploměry,0,0,0,0,0,0,0,0,0,0,0,0,0,0,0,0,0,0,0,0,0,0,0,0,0,0,0,0
2020-05-08,Termokamery,0,0,0,0,0,0,0,0,0,0,0,0,0,0,0,0,0,0,0,0,0,0,0,0,0,0,0,0
2020-05-08,Štíty,0,0,0,0,0,0,0,0,0,0,0,0,0,0,7634,2832,586,60,115,335,245,1068,1415,1860,1032,267,610,1605
2020-05-11,Brýle,0,0,0,0,0,0,0,0,0,0,0,0,0,0,7960,2465,1193,105,410,1220,335,3422,1692,1105,1464,435,1120,1325
2020-05-11,Dezinfekce (l),0,0,0,0,0,0,0,0,0,0,0,0,0,0,14675,9100,1445,1290,1175,2465,1200,4075,3265,825,7455,1065,1385,2535
2020-05-11,Filtry k polomaskám,0,0,0,0,0,0,0,0,0,0,0,0,0,0,7936,1682,10,0,0,1000,0,1000,800,0,1150,0,0,0
2020-05-11,Návleky na obuv,0,0,0,0,0,0,0,0,0,0,0,0,0,0,35580,5447,310,1000,9800,0,2050,11232,2050,4880,38250,50,350,120
2020-05-11,Ochranné oděvy,0,0,0,0,0,0,0,0,0,0,0,0,0,0,268180,80346,29779,14719,6710,33189,9240,44402,14385,21592,81925,14620,7039,39674
2020-05-11,Odběrové sady,0,0,0,0,0,0,0,0,0,0,0,0,0,0,144201,84700,3650,5300,7100,6300,13100,66700,16600,10900,20700,17900,4700,10100
2020-05-11,Ostatní,0,0,0,0,0,0,0,0,0,0,0,0,0,0,0,0,0,0,0,0,0,0,0,0,0,0,0,0
2020-05-11,Plicní ventilátory,0,0,0,0,0,0,0,0,0,0,0,0,0,0,0,0,0,0,0,0,0,0,0,0,0,0,0,0
2020-05-11,Polomasky,0,0,0,0,0,0,0,0,0,0,0,0,0,0,3000,841,5,0,0,500,0,500,400,0,500,0,0,0
2020-05-11,Příslušenství k plicním ventilátorům,0,0,0,0,0,0,0,0,0,0,0,0,0,0,0,0,0,0,0,0,0,0,0,0,0,0,0,0
2020-05-11,Respirátory,0,0,0,0,0,0,0,0,0,0,0,0,0,0,2146768,521957,182551,98865,141300,358957,137259,441815,251113,185000,419744,309046,164359,242329
2020-05-11,Roušky,0,0,0,0,0,0,0,0,0,0,0,0,0,0,5884887,2005797,574828,258125,464845,916317,448456,1341653,989531,466397,1192250,931470,485929,695178
2020-05-11,Rukavice,0,0,0,0,0,0,0,0,0,0,0,0,0,0,1808478,602594,278398,128279,225907,534734,212569,581328,405018,251734,696284,548472,322673,361373
2020-05-11,Rychlotesty,0,0,0,0,0,0,0,0,0,0,0,0,0,0,102086,42184,14843,14483,12393,13469,12310,47613,65586,13138,16552,42569,12428,18621
2020-05-11,Tampóny,0,0,0,0,0,0,0,0,0,0,0,0,0,0,0,0,0,0,0,0,0,0,0,0,0,0,0,0
2020-05-11,Teploměry,0,0,0,0,0,0,0,0,0,0,0,0,0,0,0,0,0,0,0,0,0,0,0,0,0,0,0,0
2020-05-11,Termokamery,0,0,0,0,0,0,0,0,0,0,0,0,0,0,0,0,0,0,0,0,0,0,0,0,0,0,0,0
2020-05-11,Štíty,0,0,0,0,0,0,0,0,0,0,0,0,0,0,7634,2832,586,60,115,335,245,1068,1415,1860,1032,267,610,1605
2020-05-12,Brýle,0,0,0,0,0,0,0,0,0,0,0,0,0,0,8869,2465,1203,105,410,1220,335,3422,1692,1105,1464,435,1120,1325
2020-05-12,Dezinfekce (l),0,0,0,0,0,0,0,0,0,0,0,0,0,0,16675,9100,1585,1290,1175,2465,1200,4075,3265,825,7455,1525,1385,2535
2020-05-12,Filtry k polomaskám,0,0,0,0,0,0,0,0,0,0,0,0,0,0,12057,1682,13,0,0,1000,0,1000,800,0,1150,0,0,0
2020-05-12,Návleky na obuv,0,0,0,0,0,0,0,0,0,0,0,0,0,0,44730,5447,510,1000,9800,0,2050,11232,2050,4880,38250,150,350,120
2020-05-12,Ochranné oděvy,0,0,0,0,0,0,0,0,0,0,0,0,0,0,279660,96846,30579,14719,6710,33189,9240,44402,14385,21592,81925,14698,7039,39674
2020-05-12,Odběrové sady,0,0,0,0,0,0,0,0,0,0,0,0,0,0,184801,86800,4150,5300,7100,6300,13100,66700,16600,10900,20700,25100,4700,10100
2020-05-12,Ostatní,0,0,0,0,0,0,0,0,0,0,0,0,0,0,0,0,0,0,0,0,0,0,0,0,0,0,0,0
2020-05-12,Plicní ventilátory,0,0,0,0,0,0,0,0,0,0,0,0,0,0,0,0,0,0,0,0,0,0,0,0,0,0,0,0
2020-05-12,Polomasky,0,0,0,0,0,0,0,0,0,0,0,0,0,0,3340,841,5,0,0,500,0,500,400,0,500,0,0,0
2020-05-12,Příslušenství k plicním ventilátorům,0,0,0,0,0,0,0,0,0,0,0,0,0,0,0,0,0,0,0,0,0,0,0,0,0,0,0,0
2020-05-12,Respirátory,0,0,0,0,0,0,0,0,0,0,0,0,0,0,2306540,577561,281664,112672,165143,384755,157970,498151,280724,209360,447117,382265,191650,280756
2020-05-12,Roušky,0,0,0,0,0,0,0,0,0,0,0,0,0,0,6060999,2066252,980914,273136,490769,944365,470973,1402904,1021726,492883,1222011,1162172,515601,736958
2020-05-12,Rukavice,0,0,0,0,0,0,0,0,0,0,0,0,0,0,1945247,602594,399378,128279,225907,534734,212569,581328,405018,251734,696284,550972,322673,361373
2020-05-12,Rychlotesty,0,0,0,0,0,0,0,0,0,0,0,0,0,0,123086,42184,24843,14483,12393,13469,12310,47613,65586,13138,16552,42569,12428,18621
2020-05-12,Tampóny,0,0,0,0,0,0,0,0,0,0,0,0,0,0,0,0,0,0,0,0,0,0,0,0,0,0,0,0
2020-05-12,Teploměry,0,0,0,0,0,0,0,0,0,0,0,0,0,0,0,0,0,0,0,0,0,0,0,0,0,0,0,0
2020-05-12,Termokamery,0,0,0,0,0,0,0,0,0,0,0,0,0,0,0,0,0,0,0,0,0,0,0,0,0,0,0,0
2020-05-12,Štíty,0,0,0,0,0,0,0,0,0,0,0,0,0,0,8804,2832,716,60,115,335,245,1068,1415,1860,1032,747,610,1605
2020-05-13,Brýle,0,0,0,0,0,0,0,0,0,0,0,0,0,0,8869,2465,1203,105,410,1220,335,3422,1692,1105,1464,435,1120,1325
2020-05-13,Dezinfekce (l),0,0,0,0,0,0,0,0,0,0,0,0,0,0,16675,9100,1585,1290,1175,2465,1200,4075,3265,825,7455,1525,1385,2535
2020-05-13,Filtry k polomaskám,0,0,0,0,0,0,0,0,0,0,0,0,0,0,12057,1682,13,0,0,1000,0,1000,800,0,1150,0,0,0
2020-05-13,Návleky na obuv,0,0,0,0,0,0,0,0,0,0,0,0,0,0,44730,5447,510,1000,9800,0,2050,11232,2050,4880,38250,150,350,120
2020-05-13,Ochranné oděvy,0,0,0,0,0,0,0,0,0,0,0,0,0,0,279660,96846,30579,14719,6710,33189,9240,44402,14385,21592,81925,14698,7039,39674
2020-05-13,Odběrové sady,0,0,0,0,0,0,0,0,0,0,0,0,0,0,184801,86800,4150,5300,7100,6300,13100,66700,16600,10900,20700,25100,4700,10100
2020-05-13,Ostatní,0,0,0,0,0,0,0,0,0,0,0,0,0,0,8676,0,0,0,0,0,0,0,0,0,0,0,0,0
2020-05-13,Plicní ventilátory,0,0,0,0,0,0,0,0,0,0,0,0,0,0,23,0,0,0,0,0,0,0,0,0,0,0,0,0
2020-05-13,Polomasky,0,0,0,0,0,0,0,0,0,0,0,0,0,0,3340,841,5,0,0,500,0,500,400,0,500,0,0,0
2020-05-13,Příslušenství k plicním ventilátorům,0,0,0,0,0,0,0,0,0,0,0,0,0,0,17,0,0,0,0,0,0,0,0,0,0,0,0,0
2020-05-13,Respirátory,0,0,0,0,0,0,0,0,0,0,0,0,0,0,2306540,577561,281664,112672,165143,384755,157970,498151,280724,209360,447117,382265,191650,280756
2020-05-13,Roušky,0,0,0,0,0,0,0,0,0,0,0,0,0,0,6060999,2066252,980914,273136,490769,944365,470973,1402904,1021726,492883,1222011,1162172,515601,736958
2020-05-13,Rukavice,0,0,0,0,0,0,0,0,0,0,0,0,0,0,1945247,602594,399378,128279,225907,534734,212569,581328,405018,251734,696284,550972,322673,361373
2020-05-13,Rychlotesty,0,0,0,0,0,0,0,0,0,0,0,0,0,0,123086,42184,24843,14483,12393,13469,12310,47613,65586,13138,16552,42569,12428,18621
2020-05-13,Tampóny,0,0,0,0,0,0,0,0,0,0,0,0,0,0,0,0,0,0,0,0,0,0,0,0,0,0,0,0
2020-05-13,Teploměry,0,0,0,0,0,0,0,0,0,0,0,0,0,0,562,6,40,0,0,0,0,0,12,0,0,30,0,3
2020-05-13,Termokamery,0,0,0,0,0,0,0,0,0,0,0,0,0,0,0,0,0,0,0,0,0,0,0,0,0,0,0,0
2020-05-13,Štíty,0,0,0,0,0,0,0,0,0,0,0,0,0,0,8804,2832,716,60,115,335,245,1068,1415,1860,1032,747,610,1605
2020-05-14,Brýle,0,0,0,0,0,0,0,0,0,0,0,0,0,0,11047,3965,2703,1605,1910,3435,1835,4922,3192,2605,2964,2895,3120,3383
2020-05-14,Dezinfekce (l),0,0,0,0,0,0,0,0,0,0,0,0,0,0,16675,9100,1585,1290,1175,2465,1200,4075,3265,825,7455,1525,1385,2535
2020-05-14,Filtry k polomaskám,0,0,0,0,0,0,0,0,0,0,0,0,0,0,12057,1682,13,0,0,1000,0,1000,800,0,1150,0,0,0
2020-05-14,Návleky na obuv,0,0,0,0,0,0,0,0,0,0,0,0,0,0,44730,5447,510,1000,9800,0,2050,11232,2050,4880,38250,150,350,9620
2020-05-14,Ochranné oděvy,0,0,0,0,0,0,0,0,0,0,0,0,0,0,279660,96846,30579,24719,6710,33189,14240,44402,14385,26592,81925,14698,9039,44774
2020-05-14,Odběrové sady,0,0,0,0,0,0,0,0,0,0,0,0,0,0,185281,86800,4150,15300,7100,6300,18100,66700,21600,10900,20700,25100,4700,14898
2020-05-14,Ostatní,0,0,0,0,0,0,0,0,0,0,0,0,0,0,8676,0,0,0,0,0,0,0,0,0,0,0,0,0
2020-05-14,Plicní ventilátory,0,0,0,0,0,0,0,0,0,0,0,0,0,0,25,2,2,2,2,2,2,2,2,2,2,2,2,2
2020-05-14,Polomasky,0,0,0,0,0,0,0,0,0,0,0,0,0,0,3340,841,5,0,0,500,0,500,400,0,500,0,0,0
2020-05-14,Příslušenství k plicním ventilátorům,0,0,0,0,0,0,0,0,0,0,0,0,0,0,22,5,5,5,5,5,5,5,5,5,5,5,5,5
2020-05-14,Respirátory,0,0,0,0,0,0,0,0,0,0,0,0,0,0,2391180,639081,322804,163872,203767,424825,193320,560641,332834,272590,486007,440755,228480,368406
2020-05-14,Roušky,0,0,0,0,0,0,0,0,0,0,0,0,0,0,6530199,2415852,1228614,462636,714569,1190715,680973,1761354,1328276,721733,1462461,1507622,745751,1038208
2020-05-14,Rukavice,0,0,0,0,0,0,0,0,0,0,0,0,0,0,2063147,700994,452178,150479,264107,580534,246069,678228,458318,300334,740784,649672,369473,565873
2020-05-14,Rychlotesty,0,0,0,0,0,0,0,0,0,0,0,0,0,0,131086,50184,32843,33324,20393,21469,20310,55613,73586,21138,24552,50569,20428,26621
2020-05-14,Tampóny,0,0,0,0,0,0,0,0,0,0,0,0,0,0,0,0,0,0,0,0,0,0,0,0,0,0,0,0
2020-05-14,Teploměry,0,0,0,0,0,0,0,0,0,0,0,0,0,0,592,36,70,30,30,30,30,30,42,30,30,60,30,33
2020-05-14,Termokamery,0,0,0,0,0,0,0,0,0,0,0,0,0,0,47,20,20,20,20,20,20,20,20,20,20,20,20,20
2020-05-14,Štíty,0,0,0,0,0,0,0,0,0,0,0,0,0,0,10229,4332,2216,2465,1615,1835,1705,2568,2915,3360,2532,2247,3035,3109
2020-05-15,Brýle,0,0,0,0,0,0,0,0,0,0,0,0,0,0,11047,4170,2703,1605,1910,3435,1835,4943,3192,2605,2964,2895,3150,3383
2020-05-15,Dezinfekce (l),0,0,0,0,0,0,0,0,0,0,0,0,0,0,16675,9620,1585,1290,2055,2465,1200,4995,3725,825,7455,1525,1945,2535
2020-05-15,Filtry k polomaskám,0,0,0,0,0,0,0,0,0,0,0,0,0,0,12057,3313,13,0,0,1000,0,1879,1621,0,1150,0,0,0
2020-05-15,Návleky na obuv,0,0,0,0,0,0,0,0,0,0,0,0,0,0,44730,10497,510,1000,9800,0,2050,12232,2050,4880,38250,150,850,9620
2020-05-15,Ochranné oděvy,0,0,0,0,0,0,0,0,0,0,0,0,0,0,279660,104926,30579,24719,6790,33189,14240,66151,14385,26592,81925,14698,9039,44774
2020-05-15,Odběrové sady,0,0,0,0,0,0,0,0,0,0,0,0,0,0,185281,104600,4150,15300,7800,6300,18100,69000,21600,10900,20700,25100,5700,14898
2020-05-15,Ostatní,0,0,0,0,0,0,0,0,0,0,0,0,0,0,8676,0,0,0,0,0,0,0,0,0,0,0,0,0
2020-05-15,Plicní ventilátory,0,0,0,0,0,0,0,0,0,0,0,0,0,0,25,2,2,2,2,2,2,2,5,2,2,2,2,2
2020-05-15,Polomasky,0,0,0,0,0,0,0,0,0,0,0,0,0,0,3340,1041,5,0,0,500,0,600,500,0,500,0,0,0
2020-05-15,Příslušenství k plicním ventilátorům,0,0,0,0,0,0,0,0,0,0,0,0,0,0,22,5,5,5,5,5,5,5,8,5,5,5,5,5
2020-05-15,Respirátory,0,0,0,0,0,0,0,0,0,0,0,0,0,0,2391180,661699,322804,163872,218397,424825,193320,583121,340774,272590,486007,440755,242250,368406
2020-05-15,Roušky,0,0,0,0,0,0,0,0,0,0,0,0,0,0,6794999,2608552,1228614,462636,1029069,1190715,680973,2069554,1506476,721733,1462461,1507622,966651,1038208
2020-05-15,Rukavice,0,0,0,0,0,0,0,0,0,0,0,0,0,0,2063147,721184,452178,150479,273807,580534,246069,685798,460258,300334,740784,649672,395413,565873
2020-05-15,Rychlotesty,0,0,0,0,0,0,0,0,0,0,0,0,0,0,131086,60184,32843,33324,30393,21469,20310,67082,97236,21138,24552,50569,30428,26621
2020-05-15,Tampóny,0,0,0,0,0,0,0,0,0,0,0,0,0,0,0,0,0,0,0,0,0,0,0,0,0,0,0,0
2020-05-15,Teploměry,0,0,0,0,0,0,0,0,0,0,0,0,0,0,592,241,70,30,100,30,30,172,152,30,30,60,75,33
2020-05-15,Termokamery,0,0,0,0,0,0,0,0,0,0,0,0,0,0,47,20,20,20,20,20,20,20,20,20,20,20,20,20
2020-05-15,Štíty,0,0,0,0,0,0,0,0,0,0,0,0,0,0,10229,4992,2216,2465,2495,1835,1705,3498,3374,3360,2532,2247,3565,3109
2020-05-16,Brýle,11047,2895,2703,2994,1605,3383,1835,3435,2605,1910,4170,3192,3150,4943,11047,4170,2703,1605,1910,3435,1835,4943,3192,2605,2994,2895,3150,3383
2020-05-16,Dezinfekce (l),16675,1525,1585,8965,1350,2915,1200,2645,1125,2055,9620,3725,1945,4995,16675,9620,1585,1350,2055,2645,1200,4995,3725,1125,8965,1525,1945,2915
2020-05-16,Filtry k polomaskám,12057,0,13,1889,0,0,0,1644,0,0,3313,1621,0,1879,12057,3313,13,0,0,1644,0,1879,1621,0,1889,0,0,0
2020-05-16,Návleky na obuv,44730,150,510,43250,1000,9720,2050,0,6480,9800,10497,2050,850,12232,44730,10497,510,1000,9800,0,2050,12232,2050,6480,43250,150,850,9720
2020-05-16,Ochranné oděvy,279660,14698,30579,92725,24819,44814,15540,33389,28542,6790,104926,14385,9039,66151,279660,104926,30579,24819,6790,33389,15540,66151,14385,28542,92725,14698,9039,44814
2020-05-16,Odběrové sady,185281,25100,4150,28900,15300,17098,18100,9300,12100,7800,104600,21600,5700,69000,185281,104600,4150,15300,7800,9300,18100,69000,21600,12100,28900,25100,5700,17098
2020-05-16,Ostatní,8676,0,0,0,0,0,0,0,0,0,0,0,0,0,8676,0,0,0,0,0,0,0,0,0,0,0,0,0
2020-05-16,Plicní ventilátory,25,2,2,2,2,2,2,2,2,2,2,5,2,2,25,2,2,2,2,2,2,2,5,2,2,2,2,2
2020-05-16,Polomasky,3340,0,5,579,0,0,0,500,0,0,1041,500,0,600,3340,1041,5,0,0,500,0,600,500,0,579,0,0,0
2020-05-16,Příslušenství k plicním ventilátorům,22,5,5,5,5,5,5,5,5,5,5,8,5,5,22,5,5,5,5,5,5,5,8,5,5,5,5,5
2020-05-16,Respirátory,2391180,440755,322804,582347,167432,376646,194180,491125,288810,218397,661699,340774,242250,583121,2391180,661699,322804,167432,218397,491125,194180,583121,340774,288810,582347,440755,242250,376646
2020-05-16,Roušky,6794999,1507622,1228614,1932061,481236,1177608,680973,1241315,829533,1029069,2608552,1506476,966651,2069554,6794999,2608552,1228614,481236,1029069,1241315,680973,2069554,1506476,829533,1932061,1507622,966651,1177608
2020-05-16,Rukavice,2063147,649672,452178,848661,152519,582233,254069,634174,301654,273807,721184,460258,395413,685798,2063147,721184,452178,152519,273807,634174,254069,685798,460258,301654,848661,649672,395413,582233
2020-05-16,Rychlotesty,131086,50569,32843,34552,43324,36621,30310,31469,31138,30393,60184,97236,30428,67082,131086,60184,32843,43324,30393,31469,30310,67082,97236,31138,34552,50569,30428,36621
2020-05-16,Tampóny,0,0,0,0,0,0,0,0,0,0,0,0,0,0,0,0,0,0,0,0,0,0,0,0,0,0,0,0
2020-05-16,Teploměry,592,60,70,145,60,93,40,105,60,100,241,152,75,172,592,241,70,60,100,105,40,172,152,60,145,60,75,93
2020-05-16,Termokamery,47,20,20,20,20,20,20,20,20,20,20,20,20,20,47,20,20,20,20,20,20,20,20,20,20,20,20,20
2020-05-16,Štíty,10229,2247,2216,3562,2515,3469,1725,1975,3690,2495,4992,3374,3565,3498,10229,4992,2216,2515,2495,1975,1725,3498,3374,3690,3562,2247,3565,3469
2020-05-20,Brýle,13592,2895,2703,2994,1605,3383,1835,3435,2605,1910,4170,3192,3150,4943,13592,4170,2703,1605,1910,3435,1835,4943,3192,2605,2994,2895,3150,3383
2020-05-20,Dezinfekce (l),16675,1525,1590,8965,1350,2915,1200,2645,1125,2055,9620,3725,1945,4995,16675,9620,1590,1350,2055,2645,1200,4995,3725,1125,8965,1525,1945,2915
2020-05-20,Filtry k polomaskám,17800,0,13,1889,0,0,0,1644,0,0,3313,1621,0,1879,17800,3313,13,0,0,1644,0,1879,1621,0,1889,0,0,0
2020-05-20,Návleky na obuv,68230,150,510,43250,1000,9720,2050,0,6480,9800,10497,2050,850,12232,68230,10497,510,1000,9800,0,2050,12232,2050,6480,43250,150,850,9720
2020-05-20,Ochranné oděvy,288810,14788,30649,92725,24819,44814,15540,33389,28542,6790,104926,14385,9039,66151,288810,104926,30649,24819,6790,33389,15540,66151,14385,28542,92725,14788,9039,44814
2020-05-20,Odběrové sady,218061,32820,4650,28900,15300,17098,18100,9300,12100,7800,104600,21600,5700,69000,218061,104600,4650,15300,7800,9300,18100,69000,21600,12100,28900,32820,5700,17098
2020-05-20,Ostatní,8676,0,0,0,0,0,0,0,0,0,0,0,0,0,8676,0,0,0,0,0,0,0,0,0,0,0,0,0
2020-05-20,Plicní ventilátory,25,2,2,2,2,2,2,2,2,2,2,5,2,2,25,2,2,2,2,2,2,2,5,2,2,2,2,2
2020-05-20,Polomasky,5990,0,5,579,0,0,0,500,0,0,1041,500,0,600,5990,1041,5,0,0,500,0,600,500,0,579,0,0,0
2020-05-20,Příslušenství k plicním ventilátorům,22,5,5,5,5,5,5,5,5,5,5,8,5,5,22,5,5,5,5,5,5,5,8,5,5,5,5,5
2020-05-20,Respirátory,2560145,442685,323284,582347,167432,376646,194180,491125,288810,218397,661699,340774,242250,583121,2560145,661699,323284,167432,218397,491125,194180,583121,340774,288810,582347,442685,242250,376646
2020-05-20,Roušky,7055499,1507622,1229064,1932061,481236,1177608,680973,1241315,829533,1029069,2608552,1506476,966651,2069554,7055499,2608552,1229064,481236,1029069,1241315,680973,2069554,1506476,829533,1932061,1507622,966651,1177608
2020-05-20,Rukavice,2244597,650422,458928,848661,152519,582233,254069,634174,301654,273807,721184,460258,395413,685798,2244597,721184,458928,152519,273807,634174,254069,685798,460258,301654,848661,650422,395413,582233
2020-05-20,Rychlotesty,132646,50569,32843,34552,43324,36621,30310,31469,31138,30393,60184,97236,30428,67082,132646,60184,32843,43324,30393,31469,30310,67082,97236,31138,34552,50569,30428,36621
2020-05-20,Tampóny,0,0,0,0,0,0,0,0,0,0,0,0,0,0,0,0,0,0,0,0,0,0,0,0,0,0,0,0
2020-05-20,Teploměry,592,60,70,145,60,93,40,105,60,100,241,152,75,172,592,241,70,60,100,105,40,172,152,60,145,60,75,93
2020-05-20,Termokamery,47,20,20,20,20,20,20,20,20,20,20,20,20,20,47,20,20,20,20,20,20,20,20,20,20,20,20,20
2020-05-20,Štíty,12264,2247,2216,3562,2515,3469,1725,1975,3690,2495,4992,3374,3565,3498,12264,4992,2216,2515,2495,1975,1725,3498,3374,3690,3562,2247,3565,3469
2020-05-21,Brýle,13592,2895,2703,2994,1605,3383,1835,3435,2605,1920,4220,3192,3150,5943,13592,4220,2703,1605,1920,3435,1835,5943,3192,2605,2994,2895,3150,3383
2020-05-21,Dezinfekce (l),16675,1525,1590,8965,1350,2915,1200,2645,1125,2060,9625,3730,1950,5000,16675,9625,1590,1350,2060,2645,1200,5000,3730,1125,8965,1525,1950,2915
2020-05-21,Filtry k polomaskám,17800,0,13,1889,0,0,0,1644,0,0,5403,2346,0,2644,17800,5403,13,0,0,1644,0,2644,2346,0,1889,0,0,0
2020-05-21,Návleky na obuv,68230,150,510,43250,1000,9720,2050,0,6480,10300,10997,2050,850,17232,68230,10997,510,1000,10300,0,2050,17232,2050,6480,43250,150,850,9720
2020-05-21,Ochranné oděvy,288810,14788,30649,92725,24819,44814,15540,33389,28542,6860,107436,14885,15439,69551,288810,107436,30649,24819,6860,33389,15540,69551,14885,28542,92725,14788,15439,44814
2020-05-21,Odběrové sady,218061,32820,4650,28900,15300,17098,18100,9300,12100,8650,119400,21600,7700,71350,218061,119400,4650,15300,8650,9300,18100,71350,21600,12100,28900,32820,7700,17098
2020-05-21,Ostatní,8676,0,0,0,0,0,0,0,0,0,0,0,0,0,8676,0,0,0,0,0,0,0,0,0,0,0,0,0
2020-05-21,Plicní ventilátory,25,2,2,2,2,2,2,2,2,2,2,5,2,2,25,2,2,2,2,2,2,2,5,2,2,2,2,2
2020-05-21,Polomasky,5990,0,5,579,0,0,0,500,0,0,2041,850,0,964,5990,2041,5,0,0,500,0,964,850,0,579,0,0,0
2020-05-21,Příslušenství k plicním ventilátorům,22,5,5,5,5,5,5,5,5,5,5,8,5,5,22,5,5,5,5,5,5,5,8,5,5,5,5,5
2020-05-21,Respirátory,2560145,442685,323284,582347,167432,376646,194180,491125,288810,219167,673349,343564,250770,605101,2560145,673349,323284,167432,219167,491125,194180,605101,343564,288810,582347,442685,250770,376646
2020-05-21,Roušky,7171742,1628466,1292473,1988261,539855,1263466,725900,1297835,881819,1094029,2759412,1578796,1028180,2201078,7171742,2759412,1292473,539855,1094029,1297835,725900,2201078,1578796,881819,1988261,1628466,1028180,1263466
2020-05-21,Rukavice,2244597,650422,458928,848661,152519,582233,254069,634174,301654,275407,730284,465258,397963,700848,2244597,730284,458928,152519,275407,634174,254069,700848,465258,301654,848661,650422,397963,582233
2020-05-21,Rychlotesty,132646,50569,32843,34552,43324,36621,30310,31469,31138,30393,60184,97236,30428,67082,132646,60184,32843,43324,30393,31469,30310,67082,97236,31138,34552,50569,30428,36621
2020-05-21,Tampóny,0,0,0,0,0,0,0,0,0,0,0,0,0,0,0,0,0,0,0,0,0,0,0,0,0,0,0,0
2020-05-21,Teploměry,592,60,70,145,60,93,40,105,60,100,241,152,75,172,592,241,70,60,100,105,40,172,152,60,145,60,75,93
2020-05-21,Termokamery,47,20,20,20,20,20,20,20,20,20,20,20,20,20,47,20,20,20,20,20,20,20,20,20,20,20,20,20
2020-05-21,Štíty,12264,2247,2216,3562,2515,3469,1725,1975,3690,2495,5007,3374,3580,3518,12264,5007,2216,2515,2495,1975,1725,3518,3374,3690,3562,2247,3580,3469
2020-05-25,Brýle,13592,2895,2703,2994,1605,3383,1835,3435,2605,1920,4220,3192,3150,5943,13592,4220,2703,1605,1920,3435,1835,5943,3192,2605,2994,2895,3150,3383
2020-05-25,Dezinfekce (l),16675,1525,1590,8970,1355,2920,1205,2650,1130,2060,9625,3730,1950,5000,16675,9625,1590,1355,2060,2650,1205,5000,3730,1130,8970,1525,1950,2920
2020-05-25,Filtry k polomaskám,17800,0,13,2509,0,0,0,2384,0,0,5403,2346,0,2644,17800,5403,13,0,0,2384,0,2644,2346,0,2509,0,0,0
2020-05-25,Návleky na obuv,68230,150,510,48250,1500,10220,2050,500,6480,10300,10997,2050,850,17232,68230,10997,510,1500,10300,500,2050,17232,2050,6480,48250,150,850,10220
2020-05-25,Ochranné oděvy,288810,14788,30649,94865,24819,44814,15540,33449,28543,6860,107436,14885,15439,69551,288810,107436,30649,24819,6860,33449,15540,69551,14885,28543,94865,14788,15439,44814
2020-05-25,Odběrové sady,218061,32820,4650,39250,15300,20448,18100,13300,13450,8650,119400,21600,7700,71350,218061,119400,4650,15300,8650,13300,18100,71350,21600,13450,39250,32820,7700,20448
2020-05-25,Ostatní,8676,0,0,0,0,0,0,0,0,0,0,0,0,0,8676,0,0,0,0,0,0,0,0,0,0,0,0,0
2020-05-25,Plicní ventilátory,25,2,2,2,2,2,2,2,2,2,2,5,2,2,25,2,2,2,2,2,2,2,5,2,2,2,2,2
2020-05-25,Polomasky,5990,0,5,879,0,0,0,800,0,0,2041,850,0,964,5990,2041,5,0,0,800,0,964,850,0,879,0,0,0
2020-05-25,Příslušenství k plicním ventilátorům,22,5,5,5,5,5,5,5,5,5,5,8,5,5,22,5,5,5,5,5,5,5,8,5,5,5,5,5
2020-05-25,Respirátory,2560145,442685,323284,656447,170862,379416,194690,542535,304830,219167,673349,343564,250770,605101,2560145,673349,323284,170862,219167,542535,194690,605101,343564,304830,656447,442685,250770,379416
2020-05-25,Roušky,7171742,1628466,1292473,2490061,540855,1264016,736900,1399835,885219,1094029,2759412,1578796,1028180,2201078,7171742,2759412,1292473,540855,1094029,1399835,736900,2201078,1578796,885219,2490061,1628466,1028180,1264016
2020-05-25,Rukavice,2244597,650422,458928,1080461,153319,586633,258669,641124,307404,275407,730284,465258,397963,700848,2244597,730284,458928,153319,275407,641124,258669,700848,465258,307404,1080461,650422,397963,586633
2020-05-25,Rychlotesty,132646,50569,32843,34552,43324,36621,30310,31469,31138,30393,60184,97236,30428,67082,132646,60184,32843,43324,30393,31469,30310,67082,97236,31138,34552,50569,30428,36621
2020-05-25,Tampóny,0,0,0,0,0,0,0,0,0,0,0,0,0,0,0,0,0,0,0,0,0,0,0,0,0,0,0,0
2020-05-25,Teploměry,592,60,70,145,60,93,40,105,60,100,241,152,75,172,592,241,70,60,100,105,40,172,152,60,145,60,75,93
2020-05-25,Termokamery,47,20,20,20,20,20,20,20,20,20,20,20,20,20,47,20,20,20,20,20,20,20,20,20,20,20,20,20
2020-05-25,Štíty,12264,2247,2216,3762,2515,3469,1725,2005,3790,2495,5007,3374,3580,3518,12264,5007,2216,2515,2495,2005,1725,3518,3374,3790,3762,2247,3580,3469
2020-05-27,Brýle,14038,2925,2703,2994,1605,3383,1835,3435,2605,1920,4220,3192,3150,5943,14038,4220,2703,1605,1920,3435,1835,5943,3192,2605,2994,2925,3150,3383
2020-05-27,Dezinfekce (l),16675,1525,1590,8970,1355,2920,1205,2650,1130,2060,9625,3730,1950,5000,16675,9625,1590,1355,2060,2650,1205,5000,3730,1130,8970,1525,1950,2920
2020-05-27,Filtry k polomaskám,18316,0,13,2509,0,0,0,2384,0,0,5403,2346,0,2644,18316,5403,13,0,0,2384,0,2644,2346,0,2509,0,0,0
2020-05-27,Návleky na obuv,101930,150,510,48250,1500,10220,2050,500,6480,10300,10997,2050,850,17232,101930,10997,510,1500,10300,500,2050,17232,2050,6480,48250,150,850,10220
2020-05-27,Ochranné oděvy,390004,16698,30849,94865,24819,44814,15540,33449,28543,6860,107436,14885,15439,69551,390004,107436,30849,24819,6860,33449,15540,69551,14885,28543,94865,16698,15439,44814
2020-05-27,Odběrové sady,247810,33620,4650,39250,15300,20448,18100,13300,13450,8650,119400,21600,7700,71350,247810,119400,4650,15300,8650,13300,18100,71350,21600,13450,39250,33620,7700,20448
2020-05-27,Ostatní,8676,0,0,0,0,0,0,0,0,0,0,0,0,0,8676,0,0,0,0,0,0,0,0,0,0,0,0,0
2020-05-27,Plicní ventilátory,25,2,2,2,2,2,2,2,2,2,2,5,2,2,25,2,2,2,2,2,2,2,5,2,2,2,2,2
2020-05-27,Polomasky,6026,0,5,879,0,0,0,800,0,0,2041,850,0,964,6026,2041,5,0,0,800,0,964,850,0,879,0,0,0
2020-05-27,Příslušenství k plicním ventilátorům,22,5,5,5,5,5,5,5,5,5,5,8,5,5,22,5,5,5,5,5,5,5,8,5,5,5,5,5
2020-05-27,Respirátory,2860153,445775,324124,656447,170862,379416,194690,542535,304830,219167,673349,343564,250770,605101,2860153,673349,324124,170862,219167,542535,194690,605101,343564,304830,656447,445775,250770,379416
2020-05-27,Roušky,7976747,1630966,1294473,2490061,540855,1264016,736900,1399835,885219,1094029,2759412,1578796,1028180,2201078,7976747,2759412,1294473,540855,1094029,1399835,736900,2201078,1578796,885219,2490061,1630966,1028180,1264016
2020-05-27,Rukavice,2427004,651522,462028,1080461,153319,586633,258669,641124,307404,275407,730284,465258,397963,700848,2427004,730284,462028,153319,275407,641124,258669,700848,465258,307404,1080461,651522,397963,586633
2020-05-27,Rychlotesty,132747,50569,32843,34552,43324,36621,30310,31469,31138,30393,60184,97236,30428,67082,132747,60184,32843,43324,30393,31469,30310,67082,97236,31138,34552,50569,30428,36621
2020-05-27,Tampóny,0,0,0,0,0,0,0,0,0,0,0,0,0,0,0,0,0,0,0,0,0,0,0,0,0,0,0,0
2020-05-27,Teploměry,592,60,70,145,60,93,40,105,60,100,241,152,75,172,592,241,70,60,100,105,40,172,152,60,145,60,75,93
2020-05-27,Termokamery,47,20,20,20,20,20,20,20,20,20,20,20,20,20,47,20,20,20,20,20,20,20,20,20,20,20,20,20
2020-05-27,Štíty,12765,2347,2316,3762,2515,3469,1725,2005,3790,2495,5007,3374,3580,3518,12765,5007,2316,2515,2495,2005,1725,3518,3374,3790,3762,2347,3580,3469
2020-05-28,Brýle,14038,2925,2703,2994,1605,3383,1835,3435,2605,1920,4250,3192,3150,5943,14038,4250,2703,1605,1920,3435,1835,5943,3192,2605,2994,2925,3150,3383
2020-05-28,Dezinfekce (l),16675,1525,1590,8970,1355,2920,1205,2650,1130,2060,9625,3730,1950,5000,16675,9625,1590,1355,2060,2650,1205,5000,3730,1130,8970,1525,1950,2920
2020-05-28,Filtry k polomaskám,18316,0,13,2509,0,0,0,2384,0,0,5853,2696,0,3168,18316,5853,13,0,0,2384,0,3168,2696,0,2509,0,0,0
2020-05-28,Návleky na obuv,101930,150,510,48250,1500,10220,2050,500,6480,10800,16297,2150,3850,17232,101930,16297,510,1500,10800,500,2050,17232,2150,6480,48250,150,3850,10220
2020-05-28,Ochranné oděvy,390004,16698,30849,94865,24819,44814,15540,33449,28543,8360,143386,14885,41539,93151,390004,143386,30849,24819,8360,33449,15540,93151,14885,28543,94865,16698,41539,44814
2020-05-28,Odběrové sady,247810,33620,4650,39250,15300,20448,18100,13300,13450,9070,126490,21600,9370,71770,247810,126490,4650,15300,9070,13300,18100,71770,21600,13450,39250,33620,9370,20448
2020-05-28,Ostatní,8676,0,0,0,0,0,0,0,0,0,0,0,0,0,8676,0,0,0,0,0,0,0,0,0,0,0,0,0
2020-05-28,Plicní ventilátory,25,2,2,2,2,2,2,2,2,2,2,5,2,2,25,2,2,2,2,2,2,2,5,2,2,2,2,2
2020-05-28,Polomasky,6026,0,5,879,0,0,0,800,0,0,2041,850,0,964,6026,2041,5,0,0,800,0,964,850,0,879,0,0,0
2020-05-28,Příslušenství k plicním ventilátorům,22,5,5,5,5,5,5,5,5,5,5,8,5,5,22,5,5,5,5,5,5,5,8,5,5,5,5,5
2020-05-28,Respirátory,2860353,445775,324124,656447,170862,379416,194690,542535,304830,220517,739699,357004,265170,642801,2860353,739699,324124,170862,220517,542535,194690,642801,357004,304830,656447,445775,265170,379416
2020-05-28,Roušky,7976747,1630966,1294473,2490061,540855,1264016,736900,1399835,885219,1120029,3035412,1584796,1032180,2209078,7976747,3035412,1294473,540855,1120029,1399835,736900,2209078,1584796,885219,2490061,1630966,1032180,1264016
2020-05-28,Rukavice,2427004,651522,462028,1080461,153319,586633,258669,641124,307404,276807,761334,466258,400963,717948,2427004,761334,462028,153319,276807,641124,258669,717948,466258,307404,1080461,651522,400963,586633
2020-05-28,Rychlotesty,132747,50569,32843,34552,43324,36621,30310,31469,31138,30393,60184,97236,30428,67082,132747,60184,32843,43324,30393,31469,30310,67082,97236,31138,34552,50569,30428,36621
2020-05-28,Tampóny,0,0,0,0,0,0,0,0,0,0,0,0,0,0,0,0,0,0,0,0,0,0,0,0,0,0,0,0
2020-05-28,Teploměry,592,60,70,145,60,93,40,105,60,100,241,152,75,172,592,241,70,60,100,105,40,172,152,60,145,60,75,93
2020-05-28,Termokamery,47,20,20,20,20,20,20,20,20,20,20,20,20,20,47,20,20,20,20,20,20,20,20,20,20,20,20,20
2020-05-28,Štíty,12765,2347,2316,3762,2515,3469,1725,2005,3790,2495,6107,3374,3680,3618,12765,6107,2316,2515,2495,2005,1725,3618,3374,3790,3762,2347,3680,3469
2020-05-29,Brýle,14038,2925,2703,2994,1660,3403,1835,3435,2605,1920,4250,3192,3150,5943,14038,4250,2703,1660,1920,3435,1835,5943,3192,2605,2994,2925,3150,3403
2020-05-29,Dezinfekce (l),16675,1525,1590,8970,1355,2920,1205,2650,1130,2060,9625,3730,1950,5000,16675,9625,1590,1355,2060,2650,1205,5000,3730,1130,8970,1525,1950,2920
2020-05-29,Filtry k polomaskám,18316,0,13,2639,0,0,0,2484,0,0,5853,2696,0,3168,18316,5853,13,0,0,2484,0,3168,2696,0,2639,0,0,0
2020-05-29,Návleky na obuv,101930,150,510,48250,1600,10520,2050,500,10480,10800,16297,2150,3850,17232,101930,16297,510,1600,10800,500,2050,17232,2150,10480,48250,150,3850,10520
2020-05-29,Ochranné oděvy,390004,16698,30849,175465,26349,52114,15540,49549,37743,8360,143386,14885,41539,93151,390004,143386,30849,26349,8360,49549,15540,93151,14885,37743,175465,16698,41539,52114
2020-05-29,Odběrové sady,247810,33620,4650,42580,22390,23778,18100,14130,14280,9070,126490,21600,9370,71770,247810,126490,4650,22390,9070,14130,18100,71770,21600,14280,42580,33620,9370,23778
2020-05-29,Ostatní,8676,0,0,0,0,0,0,0,0,0,0,0,0,0,8676,0,0,0,0,0,0,0,0,0,0,0,0,0
2020-05-29,Plicní ventilátory,25,2,2,2,2,2,2,2,2,2,2,5,2,2,25,2,2,2,2,2,2,2,5,2,2,2,2,2
2020-05-29,Polomasky,6026,0,5,879,0,0,0,800,0,0,2041,850,0,964,6026,2041,5,0,0,800,0,964,850,0,879,0,0,0
2020-05-29,Příslušenství k plicním ventilátorům,22,5,5,5,5,5,5,5,5,5,5,8,5,5,22,5,5,5,5,5,5,5,8,5,5,5,5,5
2020-05-29,Respirátory,2860353,445775,324124,732547,175112,386096,195090,615425,323530,220517,739699,357004,265170,642801,2860353,739699,324124,175112,220517,615425,195090,642801,357004,323530,732547,445775,265170,386096
2020-05-29,Roušky,7976747,1630966,1294473,2644061,646855,1272016,738900,1555835,893219,1120029,3035412,1584796,1032180,2209078,7976747,3035412,1294473,646855,1120029,1555835,738900,2209078,1584796,893219,2644061,1630966,1032180,1272016
2020-05-29,Rukavice,2427004,651522,462028,1187461,154604,588983,259269,693324,312804,276807,761334,466258,400963,717948,2427004,761334,462028,154604,276807,693324,259269,717948,466258,312804,1187461,651522,400963,588983
2020-05-29,Rychlotesty,132747,50569,32843,34552,43324,36621,30310,31469,31138,30393,60184,97236,30428,67082,132747,60184,32843,43324,30393,31469,30310,67082,97236,31138,34552,50569,30428,36621
2020-05-29,Tampóny,0,0,0,0,0,0,0,0,0,0,0,0,0,0,0,0,0,0,0,0,0,0,0,0,0,0,0,0
2020-05-29,Teploměry,592,60,70,145,60,93,40,105,60,100,241,152,75,172,592,241,70,60,100,105,40,172,152,60,145,60,75,93
2020-05-29,Termokamery,47,20,20,20,20,20,20,20,20,20,20,20,20,20,47,20,20,20,20,20,20,20,20,20,20,20,20,20
2020-05-29,Štíty,12765,2347,2316,3962,2815,3569,1725,2105,3790,2495,6107,3374,3680,3618,12765,6107,2316,2815,2495,2105,1725,3618,3374,3790,3962,2347,3680,3569
2020-06-03,Brýle,14448,2925,2703,2994,1660,3403,1835,3435,2605,1920,4250,3192,3150,5943,14448,4250,2703,1660,1920,3435,1835,5943,3192,2605,2994,2925,3150,3403
2020-06-03,Dezinfekce (l),16675,1525,1590,8970,1355,2920,1205,2650,1130,2060,9625,3730,1950,5000,16675,9625,1590,1355,2060,2650,1205,5000,3730,1130,8970,1525,1950,2920
2020-06-03,Filtry k polomaskám,19196,0,13,2639,0,0,0,2484,0,0,5853,2696,0,3168,19196,5853,13,0,0,2484,0,3168,2696,0,2639,0,0,0
2020-06-03,Návleky na obuv,143530,150,510,48250,1600,10520,2050,500,10480,10800,16297,2150,3850,17232,143530,16297,510,1600,10800,500,2050,17232,2150,10480,48250,150,3850,10520
2020-06-03,Ochranné oděvy,511505,20698,31199,175465,26349,52114,15540,49549,37743,8360,143386,14885,41539,93151,511505,143386,31199,26349,8360,49549,15540,93151,14885,37743,175465,20698,41539,52114
2020-06-03,Odběrové sady,283230,35320,5650,42580,22390,23778,18100,14130,14280,9070,126490,21600,9370,71770,283230,126490,5650,22390,9070,14130,18100,71770,21600,14280,42580,35320,9370,23778
2020-06-03,Ostatní,8676,0,0,0,0,0,0,0,0,0,0,0,0,0,8676,0,0,0,0,0,0,0,0,0,0,0,0,0
2020-06-03,Plicní ventilátory,25,2,2,2,2,2,2,2,2,2,2,5,2,2,25,2,2,2,2,2,2,2,5,2,2,2,2,2
2020-06-03,Polomasky,6026,0,5,879,0,0,0,800,0,0,2041,850,0,964,6026,2041,5,0,0,800,0,964,850,0,879,0,0,0
2020-06-03,Příslušenství k plicním ventilátorům,22,5,5,5,5,5,5,5,5,5,5,8,5,5,22,5,5,5,5,5,5,5,8,5,5,5,5,5
2020-06-03,Respirátory,3054044,458075,325324,732547,175112,386096,195090,615425,323530,220517,739699,357004,265170,642801,3054044,739699,325324,175112,220517,615425,195090,642801,357004,323530,732547,458075,265170,386096
2020-06-03,Roušky,8599297,1633966,1294473,2644061,646855,1272016,738900,1555835,893219,1120029,3035412,1584796,1032180,2209078,8599297,3035412,1294473,646855,1120029,1555835,738900,2209078,1584796,893219,2644061,1633966,1032180,1272016
2020-06-03,Rukavice,2495104,657122,462228,1187461,154604,588983,259269,693324,312804,276807,761334,466258,400963,717948,2495104,761334,462228,154604,276807,693324,259269,717948,466258,312804,1187461,657122,400963,588983
2020-06-03,Rychlotesty,133327,50569,32843,34552,43324,36621,30310,31469,31138,30393,60184,97236,30428,67082,133327,60184,32843,43324,30393,31469,30310,67082,97236,31138,34552,50569,30428,36621
2020-06-03,Tampóny,0,0,0,0,0,0,0,0,0,0,0,0,0,0,0,0,0,0,0,0,0,0,0,0,0,0,0,0
2020-06-03,Teploměry,592,60,70,145,60,93,40,105,60,100,241,152,75,172,592,241,70,60,100,105,40,172,152,60,145,60,75,93
2020-06-03,Termokamery,47,20,20,20,20,20,20,20,20,20,20,20,20,20,47,20,20,20,20,20,20,20,20,20,20,20,20,20
2020-06-03,Štíty,13665,2347,2316,3962,2815,3569,1725,2105,3790,2495,6107,3374,3680,3618,13665,6107,2316,2815,2495,2105,1725,3618,3374,3790,3962,2347,3680,3569
2020-06-04,Brýle,14448,2925,2703,2994,1660,3403,1835,3435,2605,1920,4320,3192,3170,5973,14448,4320,2703,1660,1920,3435,1835,5973,3192,2605,2994,2925,3170,3403
2020-06-04,Dezinfekce (l),16675,1525,1590,8970,1355,2920,1205,2650,1130,2060,9625,3730,1950,5000,16675,9625,1590,1355,2060,2650,1205,5000,3730,1130,8970,1525,1950,2920
2020-06-04,Filtry k polomaskám,19196,0,13,2639,0,0,0,2484,0,0,6293,2956,0,3268,19196,6293,13,0,0,2484,0,3268,2956,0,2639,0,0,0
2020-06-04,Návleky na obuv,143530,150,510,48250,1600,10520,2050,500,10480,11000,43497,2150,9550,17232,143530,43497,510,1600,11000,500,2050,17232,2150,10480,48250,150,9550,10520
2020-06-04,Ochranné oděvy,511505,20698,31199,175465,26349,52114,15540,49549,37743,9860,184386,15885,50189,122901,511505,184386,31199,26349,9860,49549,15540,122901,15885,37743,175465,20698,50189,52114
2020-06-04,Odběrové sady,283230,35320,5650,42580,22390,23778,18100,14130,14280,9870,141290,21600,10370,76370,283230,141290,5650,22390,9870,14130,18100,76370,21600,14280,42580,35320,10370,23778
2020-06-04,Ostatní,8676,0,0,0,0,0,0,0,0,0,0,0,0,0,8676,0,0,0,0,0,0,0,0,0,0,0,0,0
2020-06-04,Plicní ventilátory,63,2,2,8,2,2,2,2,2,2,22,9,2,10,63,22,2,2,2,2,2,10,9,2,8,2,2,2
2020-06-04,Polomasky,6026,0,5,879,0,0,0,800,0,0,2041,850,0,964,6026,2041,5,0,0,800,0,964,850,0,879,0,0,0
2020-06-04,Příslušenství k plicním ventilátorům,22,5,5,11,5,5,5,5,5,5,5,8,5,5,22,5,5,5,5,5,5,5,8,5,11,5,5,5
2020-06-04,Respirátory,3054044,458075,325324,732547,175112,386096,195090,615425,323530,226117,791299,374704,275470,671601,3054044,791299,325324,175112,226117,615425,195090,671601,374704,323530,732547,458075,275470,386096
2020-06-04,Roušky,8599297,1633966,1294473,2644061,646855,1272016,738900,1555835,893219,1134029,3378412,1592796,1032180,2218078,8599297,3378412,1294473,646855,1134029,1555835,738900,2218078,1592796,893219,2644061,1633966,1032180,1272016
2020-06-04,Rukavice,2495104,657122,462228,1187461,154604,588983,259269,693324,312804,278007,792534,471658,416163,749348,2495104,792534,462228,154604,278007,693324,259269,749348,471658,312804,1187461,657122,416163,588983
2020-06-04,Rychlotesty,133327,50569,32843,34552,43324,36621,30310,31469,31138,30393,60184,97236,30428,67082,133327,60184,32843,43324,30393,31469,30310,67082,97236,31138,34552,50569,30428,36621
2020-06-04,Tampóny,0,0,0,0,0,0,0,0,0,0,0,0,0,0,0,0,0,0,0,0,0,0,0,0,0,0,0,0
2020-06-04,Teploměry,592,60,70,145,60,93,40,105,60,100,241,152,75,172,592,241,70,60,100,105,40,172,152,60,145,60,75,93
2020-06-04,Termokamery,74,31,23,32,22,31,21,23,22,39,41,32,29,36,74,41,23,22,39,23,21,36,32,22,32,31,29,31
2020-06-04,Štíty,13665,2347,2316,3962,2815,3569,1725,2105,3790,2495,6307,3374,3880,3818,13665,6307,2316,2815,2495,2105,1725,3818,3374,3790,3962,2347,3880,3569
2020-06-05,Brýle,14448,2925,2703,2994,1710,3613,1895,3435,2805,1920,4320,3192,3170,5973,14448,4320,2703,1710,1920,3435,1895,5973,3192,2805,2994,2925,3170,3613
2020-06-05,Dezinfekce (l),16675,1525,1590,8970,1355,2920,1205,2650,1130,2060,9625,3730,1950,5000,16675,9625,1590,1355,2060,2650,1205,5000,3730,1130,8970,1525,1950,2920
2020-06-05,Filtry k polomaskám,19196,0,13,2839,0,0,0,2664,0,0,6293,2956,0,3268,19196,6293,13,0,0,2664,0,3268,2956,0,2839,0,0,0
2020-06-05,Návleky na obuv,143530,150,510,48250,1600,10620,2050,1100,15780,11000,43497,2150,9550,17232,143530,43497,510,1600,11000,1100,2050,17232,2150,15780,48250,150,9550,10620
2020-06-05,Ochranné oděvy,511505,20698,31199,258265,42849,53664,17040,73949,48043,9860,184386,15885,50189,122901,511505,184386,31199,42849,9860,73949,17040,122901,15885,48043,258265,20698,50189,53664
2020-06-05,Odběrové sady,283230,35320,5650,56580,28890,24378,22100,26130,19280,9870,141290,21600,10370,76370,283230,141290,5650,28890,9870,26130,22100,76370,21600,19280,56580,35320,10370,24378
2020-06-05,Ostatní,8676,0,0,0,0,0,0,0,0,0,0,0,0,0,8676,0,0,0,0,0,0,0,0,0,0,0,0,0
2020-06-05,Plicní ventilátory,63,2,2,8,2,2,2,2,2,2,22,9,2,10,63,22,2,2,2,2,2,10,9,2,8,2,2,2
2020-06-05,Polomasky,6026,0,5,879,0,0,0,800,0,0,2041,850,0,964,6026,2041,5,0,0,800,0,964,850,0,879,0,0,0
2020-06-05,Příslušenství k plicním ventilátorům,22,5,5,11,5,5,5,5,5,5,5,8,5,5,22,5,5,5,5,5,5,5,8,5,11,5,5,5
2020-06-05,Respirátory,3054044,458075,325324,816297,186962,393596,197490,710425,344380,226117,791299,374704,275470,671601,3054044,791299,325324,186962,226117,710425,197490,671601,374704,344380,816297,458075,275470,393596
2020-06-05,Roušky,8599297,1633966,1294473,2861061,700855,1293016,762900,1763835,905219,1134029,3378412,1592796,1032180,2218078,8599297,3378412,1294473,700855,1134029,1763835,762900,2218078,1592796,905219,2861061,1633966,1032180,1293016
2020-06-05,Rukavice,2495104,657122,462228,1207861,180804,594583,264269,694924,328604,278007,792534,471658,416163,749348,2495104,792534,462228,180804,278007,694924,264269,749348,471658,328604,1207861,657122,416163,594583
2020-06-05,Rychlotesty,133327,50569,32843,34552,43324,36621,30310,31469,31138,30393,60184,97236,30428,67082,133327,60184,32843,43324,30393,31469,30310,67082,97236,31138,34552,50569,30428,36621
2020-06-05,Tampóny,0,0,0,0,0,0,0,0,0,0,0,0,0,0,0,0,0,0,0,0,0,0,0,0,0,0,0,0
2020-06-05,Teploměry,592,60,70,145,60,93,40,105,60,100,241,152,75,172,592,241,70,60,100,105,40,172,152,60,145,60,75,93
2020-06-05,Termokamery,74,31,23,32,22,31,21,23,22,39,41,32,29,36,74,41,23,22,39,23,21,36,32,22,32,31,29,31
2020-06-05,Štíty,13665,2347,2316,3962,3015,3869,1925,2105,4390,2495,6307,3374,3880,3818,13665,6307,2316,3015,2495,2105,1925,3818,3374,4390,3962,2347,3880,3869
2020-06-10,Brýle,15648,2925,3303,2994,1710,3613,1895,3435,2805,1920,4320,3192,3170,5973,15648,4320,3303,1710,1920,3435,1895,5973,3192,2805,2994,2925,3170,3613
2020-06-10,Dezinfekce (l),16675,1525,1590,8970,1355,2920,1205,2650,1130,2060,9625,3730,1950,5000,16675,9625,1590,1355,2060,2650,1205,5000,3730,1130,8970,1525,1950,2920
2020-06-10,Filtry k polomaskám,19196,0,13,2839,0,0,0,2664,0,0,6293,2956,0,3268,19196,6293,13,0,0,2664,0,3268,2956,0,2839,0,0,0
2020-06-10,Návleky na obuv,143530,150,510,48250,1600,10620,2050,1100,15780,11000,43497,2150,9550,17232,143530,43497,510,1600,11000,1100,2050,17232,2150,15780,48250,150,9550,10620
2020-06-10,Ochranné oděvy,527005,26618,31799,258265,42849,53664,17040,73949,48043,9860,184386,15885,50189,122901,527005,184386,31799,42849,9860,73949,17040,122901,15885,48043,258265,26618,50189,53664
2020-06-10,Odběrové sady,294830,35320,5650,56580,28890,24378,22100,26130,19280,9870,141290,21600,10370,76370,294830,141290,5650,28890,9870,26130,22100,76370,21600,19280,56580,35320,10370,24378
2020-06-10,Ostatní,8676,0,0,0,0,0,0,0,0,0,0,0,0,0,8676,0,0,0,0,0,0,0,0,0,0,0,0,0
2020-06-10,Plicní ventilátory,63,2,2,8,2,2,2,2,2,2,22,9,2,10,63,22,2,2,2,2,2,10,9,2,8,2,2,2
2020-06-10,Polomasky,6026,0,5,879,0,0,0,800,0,0,2041,850,0,964,6026,2041,5,0,0,800,0,964,850,0,879,0,0,0
2020-06-10,Příslušenství k plicním ventilátorům,22,5,5,11,5,5,5,5,5,5,5,8,5,5,22,5,5,5,5,5,5,5,8,5,11,5,5,5
2020-06-10,Respirátory,3610084,458075,340924,816297,186962,393596,197490,710425,344380,226117,791299,374704,275470,671601,3610084,791299,340924,186962,226117,710425,197490,671601,374704,344380,816297,458075,275470,393596
2020-06-10,Roušky,11731497,2388166,1367473,2861061,700855,1293016,762900,1899835,905219,1260029,3626612,1930396,1032180,2480478,11731497,3626612,1367473,700855,1260029,1899835,762900,2480478,1930396,905219,2861061,2388166,1032180,1293016
2020-06-10,Rukavice,2821104,657122,473028,1207861,180804,594583,264269,694924,328604,278007,792534,471658,416163,749348,2821104,792534,473028,180804,278007,694924,264269,749348,471658,328604,1207861,657122,416163,594583
2020-06-10,Rychlotesty,136327,50569,34343,34552,43324,36621,30310,31469,31138,30393,60184,97236,30428,67082,136327,60184,34343,43324,30393,31469,30310,67082,97236,31138,34552,50569,30428,36621
2020-06-10,Tampóny,0,0,0,0,0,0,0,0,0,0,0,0,0,0,0,0,0,0,0,0,0,0,0,0,0,0,0,0
2020-06-10,Teploměry,592,60,70,145,60,93,40,105,60,100,241,152,75,172,592,241,70,60,100,105,40,172,152,60,145,60,75,93
2020-06-10,Termokamery,74,31,25,32,22,31,21,23,22,39,41,32,29,36,74,41,25,22,39,23,21,36,32,22,32,31,29,31
2020-06-10,Štíty,14865,2347,2416,3962,3015,3869,1925,2105,4390,2495,6307,3374,3880,3818,14865,6307,2416,3015,2495,2105,1925,3818,3374,4390,3962,2347,3880,3869
